Pozo,Latitude,Longitude
5 PRESIDENTES-12,18.196473,-93.995179
5 PRESIDENTES-143,18.220522,-94.010978
5 PRESIDENTES-145D,18.218615,-94.013999
5 PRESIDENTES-151,18.206816,-94.012768
5 PRESIDENTES-151D,18.206914,-94.012767
5 PRESIDENTES-153,18.205915,-94.014436
5 PRESIDENTES-153T,18.206011,-94.014442
5 PRESIDENTES-157,18.204786,-94.00961
5 PRESIDENTES-160T,18.203193,-94.012765
5 PRESIDENTES-164,18.201482,-94.012998
5 PRESIDENTES-165,18.200316,-94.011413
5 PRESIDENTES-170,18.207413,-94.004465
5 PRESIDENTES-173D,18.209318,-94.008888
5 PRESIDENTES-181,18.199437,-94.009801
5 PRESIDENTES-2,18.198059,-94.018297
5 PRESIDENTES-28,18.196676,-94.008241
5 PRESIDENTES-29C,18.200265,-94.008137
5 PRESIDENTES-43D,18.192751,-94.001866
5 PRESIDENTES-63,18.20907,-93.997783
5 PRESIDENTES-67,18.212596,-94.004172
5 PRESIDENTES-68,18.210902,-94.001111
5 PRESIDENTES-71T,18.207867,-94.020845
5 PRESIDENTES-7D,18.173133,-94.012306
5 PRESIDENTES-7T,18.202291,-94.011549
5 PRESIDENTES-803,18.203199,-94.012942
5 PRESIDENTES-901,18.199842,-94.016527
5 PRESIDENTES-902,18.199764,-94.016619
5 PRESIDENTES-903,18.199769,-94.01678
5 PRESIDENTES-904,18.199692,-94.016879
5 PRESIDENTES-905,18.216842,-94.011051
5 PRESIDENTES-906,18.200459,-94.008123
5 PRESIDENTES-908,18.203299,-94.012787
5 PRESIDENTES-908D,18.203297,-94.0125721
5 PRESIDENTES-909,18.203415,-94.0128036
5 PRESIDENTES-909D,18.203816,-94.0132015
5 PRESIDENTES-910,18.203532,-94.0128186
5 PRESIDENTES-911,18.200738,-94.0080601
5 PRESIDENTES-912,18.208989,-94.0074505
5 PRESIDENTES-913,18.203414,-94.0126666
5 PRESIDENTES-914,18.199615,-94.0166116
5 PRESIDENTES-915,18.209108,-94.0071958
5 PRESIDENTES-916,18.199615,-94.0166116
5 PRESIDENTES-917,18.199615,-94.0169721
5 PRESIDENTES-918,18.205771,-94.0110037
5 PRESIDENTES-919,18.159072,-94.0397173
5 PRESIDENTES-920,18.146872,-94.0368357
5 PRESIDENTES-921,18.205744,-94.010884
5 PRESIDENTES-922,18.203487,-94.01302024
5 PRESIDENTES-923,18.158537,-94.0388952
5 PRESIDENTES-924,18.158537,-94.0388952
5 PRESIDENTES-928,18.159161,-94.0395833
5 PRESIDENTES-929,18.158809,-94.039431
5 PRESIDENTES-930,18.152723,-94.03965981
5 PRESIDENTES-931,18.158359,-94.0387205
5 PRESIDENTES-932,18.159078,-94.03949671
5 PRESIDENTES-935,18.146636,-94.0368317
5 PRESIDENTES-936,18.146519,-94.03683016
5 PRESIDENTES-937,18.1464,-94.0368294
5 PRESIDENTES-938,18.152588,-94.03965788
5 PRESIDENTES-939,18.146454,-94.036697
5 PRESIDENTES-950,18.159413,-94.0403189
5 PRESIDENTES-956,18.152453,-94.03965586
5 PRESIDENTES-957,18.152317,-94.0396545
5 PRESIDENTES-958,18.146755,-94.03683335
5 PRESIDENTES-959,18.14657294,-94.0366036
5 PRESIDENTES-963,18.158995,-94.03941019
ACAHUAL-1,17.829008,-92.357289
AGAVE-242,17.724576,-92.877107
AGAVE-303,17.729478,-92.868112
AGAVE-512,17.744388,-92.905835
AGAVE-52,17.752594,-92.910561
AGAVE-611,17.752673,-92.89163
AGAVE-612,17.739527,-92.896247
AGAVE-62,17.744718,-92.905846
AGAVE-65,17.744579,-92.877722
AGAVE-721,17.742236,-92.900977
ARROYO PRIETO-11,17.9240888,-93.75927809
ARROYO PRIETO-13,17.92418929,-93.7592145
ARROYO PRIETO-14,17.923306,-93.7623169
ARROYO PRIETO-15,17.92428986,-93.75915101
ARROYO PRIETO-17,17.923305,-93.762208
ARROYO PRIETO-18,17.9251151,-93.7589396
ARROYO PRIETO-20,17.92410531,-93.75912417
ARROYO PRIETO-2D,17.919751,-93.761949
ARROYO PRIETO-3,17.923311,-93.755668
ARROYO PRIETO-8,17.92313963,-93.76226741
ARROYO ZANAPA-201,17.83931358,-93.31833779
ARTESA T-351,17.73122357,-93.13808748
ARTESA T-352,17.7313906,-93.13823371
ARTESA T-354,17.73221958,-93.13462465
ARTESA T-355,17.73114699,-93.13874369
ARTESA T-356,17.73114671,-93.13914841
ARTESA T-357,17.73261672,-93.13457081
ARTESA T-358,17.73119115,-93.13817545
ARTESA T-359,17.73133626,-93.13838457
ARTESA T-360,17.73090679,-93.13826738
ARTESA T-361,17.7319292,-93.13467867
ARTESA T-362,17.73134255,-93.13908339
ARTESA T-363,17.73150575,-93.13902041
ARTESA T-364,17.73150568,-93.13886988
ARTESA T-365,17.73090679,-93.13826738
ARTESA T-366,17.73136147,-93.13866246
ARTESA T-367,17.73150596,-93.13871897
ARTESA T-368,17.724497,-93.13486373
ARTESA T-370,17.72427396,-93.13492421
ARTESA T-371,17.73209673,-93.13463211
ARTESA T-372,17.73225384,-93.13435219
ARTESA T-374,17.73238857,-93.13429759
ARTESA T-375,17.73252411,-93.13424355
ARTESA T-376,17.72409344,-93.13493492
ARTESA T-377,17.72390783,-93.1348515
ARTESA T-378,17.73227328,-93.13475174
ARTESA T-379,17.72382126,-93.13441485
ARTESA T-380,17.73147017,-93.13468823
ARTESA T-381,17.73130145,-93.13475592
ARTESA T-382,17.73211813,-93.13440595
ARTESA T-383,17.73127294,-93.13507045
ARTESA T-384,17.73507145,-93.1382072
ARTESA T-385,17.71954922,-93.14316349
ARTESA T-386,17.71985462,-93.14321353
ARTESA T-393,17.73144166,-93.13500276
ARTESA T-394,17.73161048,-93.13493507
ARTESA T-395,17.73500007,-93.1380301
ARTESA T-402,17.73163899,-93.13462045
ARTESA-24,17.71995457,-93.15910756
ARTESA-26,17.72013699,-93.15921156
ARTESA-62,17.71574449,-93.15156203
AYAPA-21,18.195629,-93.118361
AYOCOTE-1,17.885845,-93.81774501
AYOCOTE-10,17.88451049,-93.8181277
AYOCOTE-11,17.884608,-93.8182225
AYOCOTE-12,17.88432101,-93.81792059
AYOCOTE-13,17.892859,-93.8143265
AYOCOTE-14,17.8842131,-93.8179092
AYOCOTE-16,17.878939,-93.8147041
AYOCOTE-17,17.87919955,-93.81509238
AYOCOTE-18,17.892481,-93.8141701
AYOCOTE-2,17.88390608,-93.81742011
AYOCOTE-24,17.884553,-93.8183179
AYOCOTE-27,17.892607,-93.814219
AYOCOTE-3,17.88404212,-93.81773855
AYOCOTE-4,17.88374522,-93.81745591
AYOCOTE-5,17.87920862,-93.81508298
AYOCOTE-7,17.88441585,-93.81802164
AYOCOTE-9,17.87909981,-93.81516744
BACAL-1003,17.89480198,-93.94332312
BACAL-12,17.807683,-93.952663
BACAL-1606,17.80256444,-93.94950745
BACAL-3,17.807699,-93.946139
BACAL-42,17.796767,-93.952586
BACAL-503,17.793216,-93.95057
BACAL-505,17.793306,-93.950477
BACAL-507,17.80563813,-93.94949918
BACAL-508,17.79356521,-93.95060158
BACAL-511,17.79530007,-93.9430268
BACAL-512,17.79544118,-93.94291066
BACAL-513,17.79528122,-93.9428867
BACAL-515,17.79522157,-93.94266129
BACAL-516,17.80759504,-93.94619196
BACAL-53,17.818544,-93.946162
BACAL-61,17.795038,-93.949368
BACAL-62,17.793277,-93.952586
BACAL-81,17.791424,-93.949353
BACAL-87,17.796867,-93.939578
BELLOTA-126,18.115937,-93.325491
BELLOTA-159,18.120639,-93.349311
BELLOTA-33,18.093314,-93.299697
BELLOTA-41,18.052917,-93.308421
BELLOTA-42,18.16257427,-93.4727053
BELLOTA-73,18.11360615,-93.301826
BELLOTA-94,18.105833,-93.324716
BLASILLO-170,18.055416,-94.044144
BLASILLO-43,18.04574,-94.050842
BLASILLO-43D,18.045778,-94.050823
BLASILLO-49,18.051154,-94.041022
BLASILLO-505,18.0479508,-94.0478749
BLASILLO-509,18.0474609,-94.047857
BLASILLO-511D,18.0440518,-94.0476024
BLASILLO-513,18.040567,-94.047388
BLASILLO-515,18.0407113,-94.0473877
BLASILLO-519,18.044042,-94.0477441
BLASILLO-521,18.0458896,-94.0509068
BLASILLO-521D,18.04589951,-94.05129346
BLASILLO-523,18.046876,-94.047788
BLASILLO-525,18.047675,-94.047797
BLASILLO-525D,18.04782545,-94.04830386
BLASILLO-527,18.0480416,-94.0479455
BLASILLO-529,18.040496,-94.047293
BLASILLO-531,18.04577304,-94.05121637
BLASILLO-533,18.0459977,-94.0509802
BLASILLO-535,18.04593653,-94.05116765
BLASILLO-537,18.04415967,-94.04787544
BLASILLO-539,18.0480416,-94.0479455
BLASILLO-539D,18.047988,-94.0483
BLASILLO-543,18.04793108,-94.04807331
BLASILLO-547,18.04441404,-94.04781743
BLASILLO-548,18.04919841,-94.04409156
BLASILLO-549,18.0458888,-94.0510457
BLASILLO-557,18.0605537,-94.0443357
BLASILLO-559,18.04935632,-94.04390373
BLASILLO-567,18.04930776,-94.04414397
BLASILLO-569,18.04938065,-94.04378351
BLASILLO-57,18.0601567,-94.044557
BLASILLO-570,18.04949732,-94.04388623
BLASILLO-589,18.04284,-94.044865
BLASILLO-602,18.04770803,-94.04830638
BLASILLO-61,18.040329,-94.05411
BLASILLO-67D,18.045653,-94.044433
BLASILLO-69D,18.047549,-94.040968
BRICOL-1,18.26416811,-93.38160544
BRICOL-102,18.21867239,-93.31661375
BRICOL-11,18.263631,-93.38171135
BRICOL-21,18.2634715,-93.3815438
BRICOL-2DL,18.2184925,-93.3179962
BRICOL-31,18.26379047,-93.38187886
BRICOL-3A,18.2638437,-93.38111281
BRILLANTE-1,18.1566194,-94.2729468
BRILLANTE-11,18.15696665,-94.27312448
BRILLANTE-15,18.15704316,-94.27348433
BRILLANTE-16,18.15096307,-94.2518541
BRILLANTE-17,18.15082316,-94.25180036
BRILLANTE-2,18.1563688,-94.2729783
BRILLANTE-20,18.15586397,-94.27168519
BRILLANTE-21,18.15574772,-94.27175827
BRILLANTE-22,18.15563156,-94.27183125
BRILLANTE-3,18.1564688,-94.2729555
BRILLANTE-4,18.15125525,-94.25188104
BRILLANTE-5,18.15695079,-94.27285771
BRILLANTE-6,18.1689546,-94.2762223
BRILLANTE-7,18.156835,-94.272881
BRILLANTE-8,18.15111139,-94.25186603
BRILLANTE-9,18.15662732,-94.27324434
CACTUS-1001,17.905742,-93.191589
CACTUS-1002,17.886665,-93.185541
CACTUS-1003,17.89023597,-93.18136339
CACTUS-1004,17.89017275,-93.18149974
CACTUS-1006,17.905824,-93.191464
CACTUS-1045,17.873668,-93.153282
CACTUS-1057,17.873546,-93.153094
CACTUS-1063,17.879364,-93.171243
CACTUS-107,17.91333762,-93.16808199
CACTUS-111,17.91333757,-93.168082
CACTUS-1190,17.905905,-93.191337
CACTUS-3,17.890172,-93.18158
CACTUS-302,17.886639,-93.185398
CACTUS-5,17.905498,-93.182233
CACTUS-55A,17.874203,-93.153819
CACTUS-57,17.87407,-93.153922
CACTUS-61,17.881892,-93.177979
CACTUS-62D,17.8821,-93.1968
CACTUS-65,17.882033,-93.158631
CAFETO-51,17.89968,-92.554202
CAPARROSO-15,18.36362458,-92.81309234
CARDENAS-109,18.024158,-93.432996
CÁRDENAS-109,18.02488968,-93.43318264
CARDENAS-112,18.005394,-93.481834
CARDENAS-114B,18.000913,-93.489999
CÁRDENAS-114B,18.00164579,-93.49018683
CARDENAS-129,18.019822,-93.424423
CARDENAS-137,18.027987,-93.457272
CARDENAS-139B,18.032506,-93.449129
CARDENAS-434,18.001320,-93.496124
CARDENAS-439,18.0322063,-93.4490268
CARDENAS-539,18.03188042,-93.4487827
CARDENAS-807,18.0188209,-93.4408683
CARDENAS-839,18.0323852,-93.4490225
CÁRDENAS-839,18.03311645,-93.4492095
CASTARRICAL-11,18.390488,-93.309936
CASTARRICAL-11D,18.390509,-93.309895
CASTARRICAL-8,18.386941,-93.309879
CASTARRICAL-88,18.377905,-93.313167
CATEDRAL-103REE,17.4338853,-93.3396979
CATEDRAL-13REE,17.438946,-93.351783
CATEDRAL-3,17.43868284,-93.35155286
CATEDRAL-85,17.42238811,-93.33909287
CERRO NANCHITAL-11,17.505165,-94.166926
CERRO NANCHITAL-12,17.508262,-94.165822
CERRO NANCHITAL-17,17.5054598,-94.1668472
CERRO NANCHITAL-18,17.5032797,-94.1637572
CERRO NANCHITAL-9,17.505048,-94.166916
CHIAPAS-12,17.560368,-93.387639
CHIAPAS-2,17.551527,-93.388291
CHIAPAS-4,17.546715,-93.395852
CHILAPILLA-115,17.938051,-92.526698
CHILAPILLA-117,17.930683,-92.520485
CHILAPILLA-117D,17.930676,-92.520513
CHILAPILLA-12,17.940091,-92.512594
CHILAPILLA-13I,17.938714,-92.521955
CHILAPILLA-26,17.943759,-92.499867
CHILAPILLA-27S,17.937265,-92.504930
CHILAPILLA-43,17.941517,-92.503232
CHILAPILLA-43DI,17.941517,-92.503232
CHILAPILLA-43DS,17.941488,-92.503271
CHILAPILLA-50,17.944359,-92.510846
CHILAPILLA-50DI,17.944359,-92.510846
CHILAPILLA-50DS,17.944331,-92.510826
CHILAPILLA-51,17.940792,-92.50789
CHILAPILLA-51D,17.940743,-92.507854
CHILAPILLA-8D,17.947807,-92.513845
CHILAPILLA-98D,17.935212,-92.518981
CHILAPILLA-9I,17.943696,-92.515571
CHILAPILLA-9S,17.943640,-92.515557
CHINCHORRO-1,18.198349,-93.399524
CHINCHORRO-2,18.198344,-93.398685
CHINCHORRO-29,18.19543459,-93.38057863
CHINCHORRO-3,18.198124,-93.399475
CHINCHORRO-5,18.197767,-93.386752
CHIPILIN-3,18.092511,-93.367386
CHOCOL-1,18.355422,-93.262558
CIBIX-1,18.23042296,-93.0909912
CINCO PRESIDENTES-145D,18.218615,-94.013999
CINCO PRESIDENTES-164,18.201482,-94.012998
CINCO PRESIDENTES-170,18.207413,-94.004465
CINCO PRESIDENTES-68,18.210902,-94.001111
CINCO PRESIDENTES-7D,18.173133,-94.012306
CINCO PRESIDENTES-7T,18.202291,-94.011549
CINCO PRESIDENTES-902,18.1997647,-94.0166196
CINCO PRESIDENTES-903,18.1997694,-94.0167804
CINCO PRESIDENTES-909,18.2034159,-94.0128036
CINCO PRESIDENTES-914,18.1996157,-94.0166116
CINCO PRESIDENTES-916,18.19961566,-94.0166116
CINCO PRESIDENTES-929,18.158809,-94.039431
CINCO PRESIDENTES-931,18.1583599,-94.0387205
CINCO PRESIDENTES-950,18.1594136,-94.0403189
COBO-1,18.047209,-92.330351
COBO-11T,18.042683,-92.322047
COBO-15,18.038093,-92.330074
COBO-20,18.04708815,-92.33034898
COMOAPA-1A,17.699094,-93.28762
COMOAPA-2,17.693589,-93.295923
COMOAPA-21,17.69007,-93.286193
COMOAPA-3,17.701867,-93.279039
COPANO-1,17.588264,-93.401178
COPANO-12,17.579017,-93.402144
COPANO-14,17.574714,-93.393163
COPANO-23,17.584184,-93.393303
COPANO-32,17.579001,-93.401868
COPANO-41,17.564387,-93.41149
COPANO-45,17.568975,-93.396112
COPANO-61,17.564499,-93.398475
COPANO-65A,17.5719,-93.38527
COSTERO-1,18.623733,-92.507517
COSTERO-1001,18.63808401,-92.50816205
COSTERO-12,18.63290634,-92.51567795
COSTERO-14,18.635909,-92.507984
COSTERO-16,18.62320312,-92.50814845
COSTERO-17,18.62745456,-92.50327162
COSTERO-18,18.61727375,-92.52150593
COSTERO-19,18.6273756,-92.50338732
COSTERO-2,18.62351467,-92.50780211
COSTERO-28,18.62729069,-92.5035116
COSTERO-31,18.63265856,-92.51594192
COSTERO-35,18.62342285,-92.50790713
COSTERO-4,18.61736966,-92.52140519
COSTERO-6,18.63309548,-92.49971372
COSTERO-7,18.62341266,-92.5079173
COSTERO-8,18.623606,-92.50766
CRATER-13,18.5162174,-92.75414
CRATER-91,18.5170442,-92.7542224
CUICHAPA-106D,17.956521,-94.287535
CUICHAPA-107,17.952981,-94.280705
CUICHAPA-119,17.951172,-94.290462
CUICHAPA-124D,17.9534722,-94.2871793
CUICHAPA-125D,17.949092,-94.287191
CUICHAPA-128,17.943907,-94.290474
CUICHAPA-139,17.951185,-94.297003
CUICHAPA-141,17.944179,-94.297106
CUICHAPA-167,17.938487,-94.287195
CUICHAPA-179,17.966167,-94.283923
CUICHAPA-180,17.942095,-94.300314
CUICHAPA-187,17.934812,-94.293783
CUICHAPA-19,17.954403,-94.263759
CUICHAPA-191,17.931346,-94.293746
CUICHAPA-201,17.925825,-94.290453
CUICHAPA-205,17.922215,-94.290442
CUICHAPA-207,17.924007,-94.293714
CUICHAPA-213,17.916804,-94.287185
CUICHAPA-306,17.961729,-94.292708
CUICHAPA-324D,17.949289,-94.290727
CUICHAPA-326,17.947475,-94.299248
CUICHAPA-327,17.947529,-94.294871
CUICHAPA-328,17.947523,-94.292671
CUICHAPA-331,17.945601,-94.29138
CUICHAPA-343,17.940248,-94.292679
CUICHAPA-352,17.936628,-94.292681
CUICHAPA-356,17.934755,-94.291942
CUICHAPA-359,17.932946,-94.294766
CUICHAPA-363,17.931361,-94.298014
CUICHAPA-364,17.931246,-94.295856
CUICHAPA-367,17.929838,-94.299031
CUICHAPA-373,17.927751,-94.289045
CUICHAPA-376,17.926296,-94.292399
CUICHAPA-382,17.924472,-94.289493
CUICHAPA-502,17.952296,-94.289312
CUICHAPA-504,17.943806,-94.288371
CUICHAPA-505,17.945899,-94.289356
CUICHAPA-507,17.949454,-94.289358
CUICHAPA-508,17.950992,-94.288364
CUICHAPA-513,17.943791,-94.286058
CUNDUACAN-1,18.064502,-93.096784
CUNDUACAN-1011,18.051104,-93.092374
CUNDUACAN-1021,18.056867,-93.092601
CUNDUACAN-1023,18.061748,-93.07322
CUNDUACAN-1025,18.055786,-93.076010
CUNDUACAN-1027,18.049978,-93.078960
CUNDUACAN-10A,18.049903,-93.098164
CUNDUACAN-11,18.04989,-93.088667
CUNDUACAN-12A,18.049857,-93.107849
CUNDUACAN-18A,18.051064,-93.135282
CUNDUACAN-21,18.057216,-93.092701
CUNDUACAN-23,18.057208,-93.083261
CUNDUACAN-30A,18.064324,-93.106222
CUNDUACAN-41,18.072327,-93.10151
CUNDUACAN-5013,18.056067,-93.07608
CUNDUACAN-5023,18.049869,-93.07909
CUNDUACAN-532,18.075239,-93.0975
CUPACHE-1,18.18428429,-93.19384427
EDEN-1,18.044359,-93.365346
EDÉN-1,18.04508973,-93.36553122
EDEN-21,18.035849,-93.356829
EDEN-41,18.02742,-93.35659
EDÉN-41,18.02815159,-93.35677501
EDEN-47,18.028745,-93.327538
EDEN-67D,18.03506969,-93.35601929
EL GOLPE-102,18.322589,-93.413676
EL GOLPE-103,18.328551,-93.403678
EL GOLPE-28T,18.325151,-93.423441
EL GOLPE-30D,18.328765,-93.417032
EL GOLPE-3C,18.32364841,-93.42671021
EL GOLPE-405,18.319791,-93.43376
EL GOLPE-41D,18.325051,-93.410425
EL GOLPE-41T,18.32492629,-93.41034942
EL GOLPE-42D,18.328649,-93.410346
EL GOLPE-44,18.33051,-93.413626
EL GOLPE-50,18.332354,-93.410435
EL GOLPE-67,18.32658,-93.400472
EL GOLPE-69,18.330275,-93.400522
EL GOLPE-85,18.322284,-93.432334
EL GOLPE-9,18.325218,-93.430027
ESCUINTLE-1,18.330462,-92.804518
ESCUINTLE-143,18.28310914,-92.7967834
ESCUINTLE-201,18.330425,-92.804682
FORTUNA NACIONAL-10,17.790387,-92.621947
FORTUNA NACIONAL-101A,17.802212,-92.61751513
FORTUNA NACIONAL-4T,17.796809,-92.615542
FORTUNA NACIONAL-9,17.795899,-92.612684
GAUCHO-1,17.565946,-93.16189
GAUCHO-23,17.56429,-93.15338
GAUCHO-25,17.56417394,-93.15353957
GAUCHO-3,17.564457,-93.153339
GAUCHO-35,17.56453,-93.15351
GIRALDAS-12,17.668175,-93.363963
GIRALDAS-139,17.659799,-93.39694
GIRALDAS-14,17.662206,-93.3717
GIRALDAS-16,17.659346,-93.3795
GIRALDAS-2,17.659309,-93.362788
GIRALDAS-22,17.650584,-93.362147
GIRALDAS-24,17.645311,-93.370934
GIRALDAS-26B,17.640553,-93.378345
GIRALDAS-4,17.654326,-93.371931
GIRALDAS-6,17.65011,-93.378622
GIRALDAS-72,17.695421,-93.362786
GUARICHO-10,17.9253968,-93.7748849
GUARICHO-13,17.9238282,-93.7742866
GUARICHO-2,17.925013,-93.774704
GUARICHO-202,17.9237442,-93.7745159
GUARICHO-202D,17.92333798,-93.77440392
GUARICHO-204,17.9237021,-93.7746305
GUARICHO-204D,17.92324394,-93.77445865
GUARICHO-205,17.91641055,-93.78171
GUARICHO-21,17.9237862,-93.7744013
GUARICHO-24D,17.9232716,-93.77475287
GUARICHO-24H,17.9236439,-93.7747891
GUARICHO-3,17.925054,-93.77477
GUARICHO-303,17.91613225,-93.78168932
GUARICHO-304,17.9161408,-93.78181209
GUARICHO-501,17.93991236,-93.72963133
GUARICHO-502,17.916411,-93.781588
GUARICHO-503,17.93972232,-93.72974064
GUARICHO-504,17.93981734,-93.72968599
GUARICHO-505,17.53280686,-93.72805466
GUARICHO-507,17.93972231,-93.7297406
GUARICHO-509,17.93422463,-93.75026678
GUARICHO-510,17.9387275,-93.7380147
GUARICHO-511,17.93158305,-93.75037849
GUARICHO-512,17.93415202,-93.7503457
GUARICHO-5H,17.9234582,-93.775149
GUARICHO-9D,17.92488656,-93.77478547
HORMIGUERO-1D,18.112626,-92.386164
HORMIGUERO-2,18.116735,-92.392533
HORMIGUERO-2D,18.116631,-92.392515
HORMIGUERO-4,18.11591,-92.379382
HORMIGUERO-4D,18.116021,-92.379387
HORMIGUERO-55,18.110902,-92.395959
HORMIGUERO-66,18.107099,-92.383139
HORMIGUERO-67,18.112319,-92.379763
HORMIGUERO-68,18.117997,-92.376108
HORMIGUERO-9,18.1133,-92.399202
IRIDE-1108,17.999736,-93.048384
IRIDE-1118,18.003671,-93.051597
ÍRIDE-1118,18.00440407,-93.05177551
IRIDE-1124,18.00321313,-93.04553484
IRIDE-1126,18.011619,-93.047686
IRIDE-1128,17.995194,-93.063882
ÍRIDE-1128,17.9959275,-93.06406075
IRIDE-1136,18.01893636,-93.05209241
IRIDE-1140,18.024473,-93.028856
IRIDE-1141,18.024473,-93.028478
IRIDE-1143,18.027244,-93.056964
IRIDE-1148,18.027364,-93.066411
IRIDE-1156,18.035416,-93.061484
IRIDE-1158,18.036254,-93.070913
IRIDE-1166,18.042626,-93.056263
ÍRIDE-1166,18.04335709,-93.05644165
IRIDE-118,18.003927,-93.051627
IRIDE-146,18.027385,-93.057059
ÍRIDE-146,18.02811687,-93.05723763
IRIDE-146 D,18.0275709,-93.0568518
ÍRIDE-146 D,18.02830277,-93.05703044
IRIDE-154,18.036708,-93.052188
IRIDE-156A,18.035102,-93.062167
IRIDE-158A,18.036398,-93.070961
IRIDE-166B,18.040864,-93.061362
ÍRIDE-166B,18.04159519,-93.06154075
IRIDE-2124,18.018923,-93.052281
ÍRIDE-2124,18.01965531,-93.05245952
IRIDE-2126,18.01009,-93.046356
IRIDE-2144,18.018946,-93.0519416
IRIDE-2154,18.036582,-93.052199
IRIDE-2156,18.038467,-93.055838
IRIDE-2166,18.043473,-93.065203
IRIDE-3124,18.027426,-93.056964
IRIDE-5108,17.996149,-93.0471024
IRIDE-5156,18.0411505,-93.0614213
IRIDE-6126,18.00995691,-93.04677181
IRIDE-6138,18.01177,-93.057492
IRIDE-7041,18.02732977,-93.05726739
ÍRIDE-7041,18.02806165,-93.05744603
JACINTO-1001,17.927361,-93.468726
JACINTO-1002A,17.927299,-93.469002
JACINTO-15,17.918169,-93.43115
JACINTO-2,17.91830801,-93.44536319
JACINTO-3A,17.909202,-93.431244
JOLOTE-101,17.98574514,-93.27058596
JOLOTE-103,17.98377523,-93.27061111
JOLOTE-21C,18.01513233,-93.30182678
JOLOTE-43,18.010042,-93.298764
JOSE COLOMO-10,17.964642,-92.473648
JOSE COLOMO-102,17.95871,-92.501369
JOSE COLOMO-109,17.955462,-92.514135
JOSE COLOMO-10D,17.964602,-92.47363
JOSE COLOMO-32,17.965617,-92.464248
JOSE COLOMO-414,17.957235,-92.468015
JOSE COLOMO-46,17.963747,-92.462901
JOSE COLOMO-47,17.959072,-92.469422
JOSE COLOMO-48,17.967191,-92.468048
JOSE COLOMO-49DI,17.962875,-92.469908
JOSE COLOMO-5,17.95622,-92.477447
JOSE COLOMO-50,17.96355,-92.483107
JOSE COLOMO-60,17.955189,-92.486889
JOSE COLOMO-70,17.969309,-92.467049
JOSE COLOMO-70D,17.969338,-92.46702
JOSE COLOMO-71,17.969781,-92.462351
JOSE COLOMO-77,17.965127,-92.468981
JOSE COLOMO-80,17.958858,-92.489724
JOSE COLOMO-82,17.959857,-92.480261
JOSE COLOMO-84,17.960793,-92.470886
JOSE COLOMO-84D,17.960835,-92.470869
JOSE COLOMO-85,17.961491,-92.4661
JOSE COLOMO-85D,17.961537,-92.466091
JOSE COLOMO-98,17.955098,-92.496311
JOSE COLOMO-99,17.957915,-92.499145
JUJ0-25,17.862926,-93.482029
JUJO-13A,17.876496,-93.490343
JUJO-16,17.862948,-93.514719
JUJO-18,17.858429,-93.522315
JUJO-23B,17.8597583,-93.4909212
JUJO-24,17.849379,-93.506559
JUJO-25,17.862926,-93.482029
JUJO-32,17.881687,-93.499415
JUJO-34,17.876514,-93.506542
JUJO-36A,17.871294,-93.512089
JUJO-38,17.867463,-93.522882
JUJO-502A,17.859058,-93.48994
JUJO-506,17.862949,-93.514719
JUJO-513A,17.8762962,-93.4902578
JUJO-522,17.853895,-93.498631
JUJO-524,17.853508,-93.515068
JUJO-52A,17.8897892,-93.5126347
JUJO-532,17.881688,-93.499548
JUJO-54,17.885465,-93.50775
JUJO-543,17.853844,-93.482049
JUJO-547,17.8627899,-93.4821227
JUJO-552,17.8883169,-93.5005579
JUJO-58,17.876495,-93.522869
JUJO-6,17.85369,-93.514936
JUJO-612,17.8718601,-93.4981839
JUJO-652,17.8883483,-93.5007035
JUJO-701,17.881525,-93.499245
JUJO-852,17.88545815,-93.5077498
JUJO-863,17.84040714,-93.49024971
JUSPI-1003,17.82790588,-93.24360672
JUSPI-1004,17.82707969,-93.2439725
JUSPI-1009,17.83426812,-93.20401532
JUSPI-1010,17.834388,-93.204213
JUSPI-101A,17.8342437,-93.20420356
LA CENTRAL-302,17.9163841,-93.85913362
LA CENTRAL-335,17.91705952,-93.84145848
LA CENTRAL-403,17.91685688,-93.84112379
LACAMANGO-109,17.907266,-94.343092
LACAMANGO-12,17.918319,-94.32961
LACAMANGO-135,17.911114,-94.349218
LACAMANGO-2,17.914707,-94.329546
LACAMANGO-21,17.912663,-94.326337
LACAMANGO-24,17.909281,-94.332928
LACAMANGO-26,17.907471,-94.336158
LACAMANGO-311,17.9092766,-94.338302
LACAMANGO-354,17.9103129,-94.338465
LACAMANGO-355,17.9036466,-94.3487464
LACAMANGO-371,17.9037958,-94.3487362
LACAMANGO-390,17.9039388,-94.34286467
LACAMANGO-391,17.9039905,-94.3427537
LACAMANGO-392,17.9038878,-94.3429776
LACAMANGO-393,17.90961106,-94.3385395
LACAMANGO-4,17.912613,-94.333004
LACAMANGO-431,17.910958,-94.3290076
LACAMANGO-8,17.909273,-94.338415
LOS SOLDADOS-15,17.980849,-94.112632
LOS SOLDADOS-161,17.955719,-94.112528
LOS SOLDADOS-26,17.978149,-94.127358
LOS SOLDADOS-43,17.961195,-94.122313
LOS SOLDADOS-449,17.97882802,-94.10937813
LOS SOLDADOS-450,17.96493188,-94.12911234
LOS SOLDADOS-451,17.96451805,-94.12893927
LOS SOLDADOS-452,17.96475243,-94.12899666
LOS SOLDADOS-453,17.96733543,-94.11971347
LOS SOLDADOS-454,17.9834444,-94.12417742
LOS SOLDADOS-455,17.979848,-94.129975
LOS SOLDADOS-474,17.9833097,-94.1241438
LOS SOLDADOS-474D,17.98299286,-94.12396104
LOS SOLDADOS-475,17.9831928,-94.1241312
LOS SOLDADOS-477,17.9830188,-94.10960357
LOS SOLDADOS-478,17.9677474,-94.1193375
LOS SOLDADOS-478D,17.96758332,-94.11974647
LOS SOLDADOS-479,17.96481157,-94.12883528
LOS SOLDADOS-481,17.96769206,-94.11949277
LOS SOLDADOS-482,17.98292004,-94.10953713
LOS SOLDADOS-483,17.9675828,-94.1195379
LOS SOLDADOS-483D,17.9674903,-94.1194999
LOS SOLDADOS-484,17.982769,-94.115604
LOS SOLDADOS-485,17.98288159,-94.11552864
LOS SOLDADOS-486,17.982945,-94.124191
LOS SOLDADOS-487,17.96768502,-94.12762435
LOS SOLDADOS-489,17.965077,-94.122267
LOS SOLDADOS-489D,17.96495981,-94.12219261
LOS SOLDADOS-490,17.99182069,-94.12906653
LOS SOLDADOS-491,17.96783966,-94.11964865
LOS SOLDADOS-492A,17.98318492,-94.1242876
LOS SOLDADOS-493,17.98297766,-94.10973335
LOS SOLDADOS-494,17.98290606,-94.12431038
LOS SOLDADOS-495,17.98318714,-94.10965703
LOS SOLDADOS-497,17.96388949,-94.10684639
LOS SOLDADOS-498,17.96747843,-94.11966139
LOS SOLDADOS-499,17.95955768,-94.11237991
LOS SOLDADOS-500,17.96759937,-94.12785148
LOS SOLDADOS-501,17.97256772,-94.11426922
LOS SOLDADOS-502,17.98299286,-94.12396086
LOS SOLDADOS-503,17.97268561,-94.12403936
LOS SOLDADOS-504,17.97877607,-94.10945401
LOS SOLDADOS-859,17.96497747,-94.12235939
LUNA-16,18.474211,-92.806896
LUNA-18,18.474223,-92.807
LUNA-34,18.468692,-92.798599
MADREFIL-1,18.1627405,-93.3183918
MADREFIL-11,18.16229973,-93.31826407
MADREFIL-3A,18.16235768,-93.31798999
MADREFIL-51,18.16270812,-93.31869254
MADREFIL-61,18.1721994,-93.3342131
MADREFIL-62,18.173282,-93.335689
MADREFIL-64,18.16203750,-93.3183239
MALVA-85,17.49318586,-93.22789841
MOLOACAN-111,17.985929,-94.370707
MOLOACÁN-111,17.985929,-94.370707
MOLOACAN-112,17.985046,-94.367871
MOLOACÁN-112,17.985046,-94.367871
MOLOACAN-132,17.98919,-94.36675
MOLOACÁN-132,17.98919,-94.36675
MOLOACAN-186,17.980843,-94.369719
MOLOACÁN-186,17.980843,-94.369719
MOLOACAN-313,18.001434,-94.351648
MOLOACÁN-313,18.001434,-94.351648
MOLOACAN-319,18.005111,-94.351832
MOLOACÁN-319,18.005111,-94.351832
MOLOACAN-324,18.003418,-94.355041
MOLOACÁN-324,18.003418,-94.355041
MOLOACAN-325,17.999826,-94.354931
MOLOACÁN-325,17.999826,-94.354931
MOLOACAN-327,18.000457,-94.353575
MOLOACÁN-327,18.000457,-94.353575
MOLOACAN-329,17.999684,-94.351777
MOLOACÁN-329,17.999684,-94.351777
MOLOACAN-337,18.001606,-94.345293
MOLOACÁN-337,18.001606,-94.345293
MOLOACAN-339,18.001443,-94.355001
MOLOACÁN-339,18.001443,-94.355001
MOLOACAN-340,18.004202,-94.353729
MOLOACÁN-340,18.004202,-94.353729
MOLOACAN-343,18.000498,-94.35683
MOLOACÁN-343,18.000498,-94.35683
MOLOACAN-346,17.998719,-94.353523
MOLOACÁN-346,17.998719,-94.353523
MOLOACAN-347,17.995275,-94.353496
MOLOACÁN-347,17.995275,-94.353496
MOLOACAN-350,17.996784,-94.356657
MOLOACÁN-350,17.996784,-94.356657
MOLOACAN-351,17.997109,-94.353501
MOLOACÁN-351,17.997109,-94.353501
MOLOACAN-355,18.005042,-94.355089
MOLOACÁN-355,18.005042,-94.355089
MOLOACAN-365,18.003368,-94.358343
MOLOACÁN-365,18.003368,-94.358343
MOLOACAN-367,17.993774,-94.359673
MOLOACÁN-367,17.993774,-94.359673
MOLOACAN-375,17.999669,-94.358331
MOLOACÁN-375,17.999669,-94.358331
MOLOACAN-376,17.997914,-94.358003
MOLOACÁN-376,17.997914,-94.358003
MOLOACAN-387,17.99695,-94.360072
MOLOACÁN-387,17.99695,-94.360072
MOLOACAN-388,17.995991,-94.35834
MOLOACÁN-388,17.995991,-94.35834
MOLOACAN-391,17.992626,-94.358611
MOLOACÁN-391,17.992626,-94.358611
MOLOACAN-395,18.007305,-94.346639
MOLOACÁN-395,18.007305,-94.346639
MOLOACAN-4,17.984786,-94.375392
MOLOACÁN-4,17.984786,-94.375392
MOLOACAN-406,18.010543,-94.348688
MOLOACÁN-406,18.010543,-94.348688
MOLOACAN-408,18.008706,-94.345373
MOLOACÁN-408,18.008706,-94.345373
MOLOACAN-409,18.01046,-94.351768
MOLOACÁN-409,18.01046,-94.351768
MOLOACAN-414,17.992989,-94.362479
MOLOACÁN-414,17.992989,-94.362479
MOLOACAN-421,18.014716,-94.344039
MOLOACÁN-421,18.014716,-94.344039
MOLOACAN-422,18.010453,-94.345325
MOLOACÁN-422,18.010453,-94.345325
MOLOACAN-428,17.996102,-94.361688
MOLOACÁN-428,17.996102,-94.361688
MOLOACAN-438,18.013059,-94.34996
MOLOACÁN-438,18.013059,-94.34996
MOLOACAN-440,17.98975,-94.363102
MOLOACÁN-440,17.98975,-94.363102
MOLOACAN-442,17.987076,-94.361683
MOLOACÁN-442,17.987076,-94.361683
MOLOACAN-454,17.997269,-94.363356
MOLOACÁN-454,17.997269,-94.363356
MOLOACAN-459,18.015853,-94.345384
MOLOACÁN-459,18.015853,-94.345384
MOLOACAN-461,17.9962,-94.36491
MOLOACÁN-461,17.9962,-94.36491
MOLOACAN-462,17.9887,-94.365536
MOLOACÁN-462,17.9887,-94.365536
MOLOACAN-468,18.014584,-94.350337
MOLOACÁN-468,18.014584,-94.350337
MOLOACAN-470,18.014818,-94.353291
MOLOACÁN-470,18.014818,-94.353291
MOLOACAN-475,18.017671,-94.34854
MOLOACÁN-475,18.017671,-94.34854
MOLOACAN-483,17.995287,-94.366446
MOLOACÁN-483,17.995287,-94.366446
MOLOACAN-485,17.996034,-94.368329
MOLOACÁN-485,17.996034,-94.368329
MOLOACAN-503,17.975383,-94.379478
MOLOACÁN-503,17.975383,-94.379478
MOLOACAN-511,17.978202,-94.377862
MOLOACÁN-511,17.978202,-94.377862
MOLOACAN-513,17.979904,-94.37468
MOLOACÁN-513,17.979904,-94.37468
MOLOACAN-514,17.978096,-94.374792
MOLOACÁN-514,17.978096,-94.374792
MOLOACAN-515,17.980862,-94.372987
MOLOACÁN-515,17.980862,-94.372987
MOLOACAN-518,17.97545,-94.382867
MOLOACÁN-518,17.97545,-94.382867
MOLOACAN-617,18.015378,-94.339531
MOLOACÁN-617,18.015378,-94.339531
MOLOACAN-620,18.01577,-94.336002
MOLOACÁN-620,18.01577,-94.336002
MOLOACAN-624,18.018731,-94.334423
MOLOACÁN-624,18.018731,-94.334423
MOLOACAN-625,18.016228,-94.334106
MOLOACÁN-625,18.016228,-94.334106
MOLOACAN-633,18.014209,-94.334221
MOLOACÁN-633,18.014209,-94.334221
MOLOACAN-640,18.014402,-94.341071
MOLOACÁN-640,18.014402,-94.341071
MOLOACAN-646,18.024248,-94.332205
MOLOACÁN-646,18.024248,-94.332205
MOLOACAN-648,18.008237,-94.339524
MOLOACÁN-648,18.008237,-94.339524
MOLOACAN-656,18.011563,-94.3428
MOLOACÁN-656,18.011563,-94.3428
MOLOACAN-661,18.024366,-94.329476
MOLOACÁN-661,18.024366,-94.329476
MOLOACAN-664,18.027199,-94.331372
MOLOACÁN-664,18.027199,-94.331372
MOLOACAN-667,18.019803,-94.33504
MOLOACÁN-667,18.019803,-94.33504
MOLOACAN-683,18.005949,-94.342589
MOLOACÁN-683,18.005949,-94.342589
MOLOACAN-686,18.016336,-94.328059
MOLOACÁN-686,18.016336,-94.328059
MOLOACAN-689,18.028723,-94.331489
MOLOACÁN-689,18.028723,-94.331489
MOLOACAN-690,18.026731,-94.330049
MOLOACÁN-690,18.026731,-94.330049
MOLOACAN-699,18.004842,-94.342843
MOLOACÁN-699,18.004842,-94.342843
MOLOACAN-701,18.003716,-94.341132
MOLOACÁN-701,18.003716,-94.341132
MOLOACAN-705,18.001787,-94.34114
MOLOACÁN-705,18.001787,-94.34114
MOLOACAN-713,18.029643,-94.329978
MOLOACÁN-713,18.029643,-94.329978
MOLOACAN-801,17.964533,-94.379498
MOLOACÁN-801,17.964533,-94.379498
MOLOACAN-802,17.96368,-94.381169
MOLOACÁN-802,17.96368,-94.381169
MOLOACAN-803,17.965397,-94.377854
MOLOACÁN-803,17.965397,-94.377854
MOLOACAN-812,17.965484,-94.381125
MOLOACÁN-812,17.965484,-94.381125
MOLOACAN-823,17.963576,-94.377888
MOLOACÁN-823,17.963576,-94.377888
MOLOACAN-842,17.95998,-94.381114
MOLOACÁN-842,17.95998,-94.381114
MOLOACAN-857,17.972576,-94.374577
MOLOACÁN-857,17.972576,-94.374577
MOLOACAN-863,17.960176,-94.37811
MOLOACÁN-863,17.960176,-94.37811
MOLOACAN-893,17.974408,-94.377848
MOLOACÁN-893,17.974408,-94.377848
MOLOACAN-979,17.967218,-94.387723
MOLOACÁN-979,17.967218,-94.387723
MORA-1,18.097289,-93.43261
MORA-121,18.096187,-93.413753
MORA-13A,18.0969658,-93.423387
MORA-2,18.097293,-93.442047
MORA-22A,18.0880435,-93.42782166
MORA-25,18.088261,-93.408936
MORA-3,18.113808,-93.423137
MORA-43,18.081644,-93.41365
MUNDO NUEVO-201,17.733632,-93.252329
MUNDO NUEVO-2A,17.728855,-93.235552
MUNDO NUEVO-51,17.7287,-93.22544
MUSPAC-14,17.48339253,-93.38545235
MUSPAC-2,17.48134034,-93.37614231
MUSPAC-22,17.48350128,-93.3853113
MUSPAC-42,17.48120512,-93.37594424
MUSPAC-52,17.48596347,-93.36920059
MUSPAC-55,17.47985853,-93.36116356
MUSPAC-84,17.47722788,-93.36619729
MUSPAC-94,17.47218747,-93.35926477
NARVAEZ-10,18.453373,-92.224657
NARVÁEZ-10,18.453373,-92.224657
NARVAEZ-11,18.452555,-92.224092
NARVAEZ-13,18.44858037,-92.23555977
NARVÁEZ-13,18.44858037,-92.23555977
NARVAEZ-14,18.424003,-92.242287
NARVÁEZ-14,18.424003,-92.242287
NARVAEZ-17,18.44865063,-92.23568152
NARVAEZ-3DI,18.454006,-92.225019
NARVAEZ-3DS,18.453664,-92.224734
NARVAEZ-3T,18.453807,-92.225074
NARVAEZ-7,18.452772,-92.224313
NARVÁEZ-7,18.452772,-92.224313
NARVAEZ-8,18.46496148,-92.22536839
NARVÁEZ-8,18.46496148,-92.22536839
NELASH-1,17.892724,-93.91009
NELASH-11,17.8928978,-93.9101254
NELASH-14,17.89239957,-93.90965036
NELASH-21,17.8892364,-93.9177812
NELASH-22,17.8889643,-93.9178438
NELASH-4,17.8925915,-93.9100171
NELASH-43,17.89233108,-93.90974205
NISPERO-1107,17.90557108,-93.15402634
NISPERO-86A,17.898054,-93.12855
NISPERO-90,17.905491,-93.153912
NISPERO-96A,17.904638,-93.134969
NISPERO-98A,17.904376,-93.14448
OGARRIO-1205,18.021344,-93.956776
OGARRIO-1207,18.03629161,-93.96117941
OGARRIO-1215,18.03192,-93.957371
OGARRIO-1217,18.0320478,-93.9575137
OGARRIO-1233,18.03191897,-93.95752219
OGARRIO-1235,18.032031,-93.957052
OGARRIO-1237,18.0318968,-93.9568496
OGARRIO-1239,18.0319409,-93.9577401
OGARRIO-1253,18.034362,-93.958925
OGARRIO-1255,18.03623561,-93.96144371
OGARRIO-1269,18.017726,-93.950174
OGARRIO-1273,18.0363863,-93.9617572
OGARRIO-1275,18.03608705,-93.96113069
OGARRIO-1279,18.03621449,-93.96158341
OGARRIO-1283,18.03203294,-93.95790398
OGARRIO-1295,18.03616146,-93.96128734
OGARRIO-1303,18.019946,-93.9535326
OGARRIO-1305,18.0088167,-93.9341905
OGARRIO-1307,18.015746,-93.946738
OGARRIO-1309,18.0159502,-93.9466945
OGARRIO-1315,18.01980616,-93.94666053
OGARRIO-1319,18.0197051,-93.9467236
OGARRIO-1325,18.00503099,-93.93385768
OGARRIO-1325D,18.004757,-93.934095
OGARRIO-1329,18.0067964,-93.937137
OGARRIO-1333,18.01584128,-93.94653951
OGARRIO-1401,17.994176,-93.93163
OGARRIO-1403,17.9904966,-93.9272372
OGARRIO-1405,17.9889866,-93.9304676
OGARRIO-1407,17.9940822,-93.9276874
OGARRIO-1407D,17.99405265,-93.9273975
OGARRIO-1409,17.99947419,-93.93084635
OGARRIO-1411,17.992517,-93.930856
OGARRIO-1411D,17.99313654,-93.93066029
OGARRIO-1413,17.992971,-93.930405
OGARRIO-1415,17.997546,-93.933409
OGARRIO-1417,18.001184,-93.9339539
OGARRIO-1419,17.99266,-93.930893
OGARRIO-1421,17.992752,-93.930387
OGARRIO-1423,17.990799,-93.929204
OGARRIO-1423D,17.99323706,-93.93073184
OGARRIO-1425,18.00487016,-93.93394241
OGARRIO-1425D,18.00485726,-93.93403141
OGARRIO-1429,18.0012701,-93.9338704
OGARRIO-1429D,18.00116371,-93.93377205
OGARRIO-1431,17.997201,-93.932222
OGARRIO-1432,17.995925,-93.934596
OGARRIO-1433,17.99304108,-93.93058886
OGARRIO-1435,17.99772734,-93.93393606
OGARRIO-1443,17.992752,-93.930387
OGARRIO-1451,17.997763,-93.933697
OGARRIO-1452,17.996646,-93.936014
OGARRIO-1452D,17.99766333,-93.93397927
OGARRIO-1453,17.9941295,-93.927457
OGARRIO-1471,17.99412447,-93.93397273
OGARRIO-1472,18.003298,-93.941554
OGARRIO-1473,17.9904176,-93.9271596
OGARRIO-1476,18.0031637,-93.9370572
OGARRIO-1476D,18.0030221,-93.93698102
OGARRIO-1480,17.9996141,-93.930647
OGARRIO-1480D,17.99935181,-93.9308663
OGARRIO-1482,17.9995116,-93.9307072
OGARRIO-1483,17.99777925,-93.94037711
OGARRIO-1483D,17.99791627,-93.94028424
OGARRIO-1484,18.00878874,-93.94672949
OGARRIO-1485,17.99081402,-93.93383386
OGARRIO-1486,17.99090811,-93.9339271
OGARRIO-1487,18.00316981,-93.93061988
OGARRIO-1488,18.00305467,-93.93712278
OGARRIO-1489,18.00668627,-93.93718116
OGARRIO-1490,18.02142605,-93.95651481
OGARRIO-1491,18.00317048,-93.94355982
OGARRIO-1492,18.01246394,-93.94662877
OGARRIO-1500,18.00664317,-93.93706693
OGARRIO-1501,18.06753093,-93.95239089
OGARRIO-1503,18.06747914,-93.95250115
OGARRIO-1504,18.06353079,-93.95286546
OGARRIO-1510,17.99779577,-93.92738674
OGARRIO-1511,17.99033182,-93.92707564
OGARRIO-1512,17.99265179,-93.93706406
OGARRIO-1513,17.99754035,-93.93387926
OGARRIO-1514,18.00465725,-93.93416032
OGARRIO-1515,17.98144091,-93.91621244
OGARRIO-1516,18.00127656,-93.92745924
OGARRIO-1517,17.97618862,-93.913225
OGARRIO-1518,17.97607486,-93.91325642
OGARRIO-1519,18.004812,-93.933855
OGARRIO-1520,18.00657687,-93.93722621
OGARRIO-1521,18.00137808,-93.92739744
OGARRIO-1526,18.02324473,-93.95317329
OGARRIO-1527,18.06768442,-93.95238548
OGARRIO-1528,18.02149773,-93.9567504
OGARRIO-1529,18.01990733,-93.94659816
OGARRIO-1600,18.03196978,-93.95802919
OGARRIO-1601,18.03188934,-93.95821296
OGARRIO-1602,18.00646328,-93.93727944
OGARRIO-1603,17.99931321,-93.93064215
OGARRIO-1604,18.01598343,-93.9339455
OGARRIO-1605,18.00703403,-93.94360824
OGARRIO-272,18.03426,-93.924146
OGARRIO-30,18.02544,-93.922183
OGARRIO-31,18.024373,-93.920636
OGARRIO-4,18.028896,-93.920908
OGARRIO-554,18.038542,-93.927422
OGARRIO-56,18.031157,-93.924896
OGARRIO-57,18.030088,-93.923377
OGARRIO-705,17.970791,-93.909877
OGARRIO-707,17.976228,-93.913158
OGARRIO-718,17.972592,-93.906702
OGARRIO-723,17.97271517,-93.91279672
OGARRIO-724,17.97264602,-93.91297202
OGARRIO-801,18.00136,-93.940353
OGARRIO-802,18.005039,-93.940421
OGARRIO-802D,18.005046,-93.940403
OGARRIO-803,18.003225,-93.936987
OGARRIO-803D,18.003301,-93.936865
OGARRIO-804,17.999671,-93.937065
OGARRIO-804T,17.99958,-93.937013
OGARRIO-805,17.997727,-93.940328
OGARRIO-811,18.006877,-93.937086
OGARRIO-812,18.001365,-93.933776
OGARRIO-812D,18.001411,-93.933676
OGARRIO-813,17.997805,-93.933844
OGARRIO-813D,17.99785,-93.933786
OGARRIO-815,18.005033,-93.933792
OGARRIO-815D,18.005084,-93.933789
OGARRIO-816,17.999615,-93.93055
OGARRIO-817,17.996007,-93.930561
OGARRIO-817D,17.99602,-93.930585
OGARRIO-818,17.994196,-93.93382
OGARRIO-818D,17.99418,-93.933877
OGARRIO-822,18.003236,-93.930548
OGARRIO-824,17.994201,-93.927287
OGARRIO-827,17.992413,-93.930559
OGARRIO-829,17.990591,-93.927281
OGARRIO-832D,17.98875,-93.93051
OGARRIO-850,17.987372,-93.927801
OGARRIO-850D,17.987352,-93.927721
OGARRIO-85D,18.036217,-93.924174
OGARRIO-903,17.99628433,-93.93685467
OGARRIO-911,17.99044579,-93.92702051
OGARRIO-913,17.98158124,-93.92401068
OGARRIO-951,17.9890515,-93.9305803
OGARRIO-953,17.99399922,-93.92728822
OGARRIO-95C,18.039873,-93.927363
OGARRIO-95D,18.03977,-93.92743
OGARRIO-96D,18.038879,-93.925797
OGARRIO-975,17.983304,-93.927249
OGARRIO-977,17.98512,-93.92399
OGARRIO-997,17.988736,-93.923992
OTATES-12,18.08673776,-93.96248888
OTATES-13,18.095807,-93.952605
OTATES-14,18.099394,-93.952665
OTATES-17,18.086738,-93.962489
OTATES-26D,18.0885163,-93.9592948
OTATES-27,18.090384,-93.955901
OTATES-2D,18.097579,-93.95599
OTATES-500,18.0920988,-93.9592495
OTATES-501,18.0920401,-93.9593557
OTATES-503,18.08700733,-93.96237562
OTATES-504,18.09474987,-93.95476463
OTATES-505,18.0919133,-93.959559
OTATES-507,18.09784448,-93.9560239
OTATES-508,18.09758912,-93.95592319
OTATES-512,18.09184736,-93.95938212
OTATES-515,18.0832826,-93.9623641
OTATES-517,18.09450095,-93.95471367
OTATES-518,18.09198135,-93.95913554
OTATES-600,18.094081,-93.956085
OTATES-601,18.16491,-93.908361
OTATES-602,18.092216,-93.958935
OTATES-604,18.094777,-93.95444
OTATES-605,18.095826,-93.952689
OTATES-608,18.0978964,-93.94931952
OXIACAQUE-13,18.076393,-93.037444
OXIACAQUE-21,18.0626,-93.044725
OXIACAQUE-22,18.068963,-93.053193
OXIACAQUE-26,18.069186,-93.053291
OXIACAQUE-42,18.058886,-93.05375
OXIACAQUE-5001,18.069342,-93.0534502
OXIACAQUE-5003,18.0664861,-93.0534599
OXIACAQUE-6053,18.0862425,-93.03832824
PACHE-1,18.093611,-93.230553
PACHE-21,18.09365558,-93.23054691
PACHE-23,18.0935412,-93.2299988
PALANGRE-1,18.193294,-93.369429
PALANGRE-1DL,18.193519,-93.369466
PALAPA-201A,18.417765,-92.756883
PALAPA-302,18.4178735,-92.7569302
PANAL-102,18.02295899,-94.09569448
PANAL-32,18.02475109,-94.09224078
PAREDON-1D,17.91205,-93.3833
PAREDON-32A,17.92513,-93.387956
PAREDON-34,17.921106,-93.399644
PAREDON-3A,17.918494,-93.373484
PAREDÓN-3A,17.918494,-93.373484
PARETO-1,18.31060854,-93.30464202
PARETO-11,18.3084218,-93.3049252
PARETO-12,18.30885808,-93.30465997
PARETO-2,18.30841274,-93.30505378
PARETO-23,18.30760039,-93.30547382
PARETO-4,18.30808061,-93.30497286
PARETO-5,18.30832298,-93.30522764
PIJIJE-103,18.3963174,-92.8213771
PIJIJE-117,18.4228068,-92.8304449
PIJIJE-123,18.403159,-92.82643
PIJIJE-2,18.386103,-92.819987
PIJIJE-27,18.3864361,-92.8199365
PIJIJE-29,18.3866349,-92.8199362
PIJIJE-31,18.41016662,-92.83525446
PIJIJE-32,18.42211417,-92.83056249
PIJIJE-33,18.37948508,-92.81334875
PIJIJE-34,18.40369554,-92.82652289
PIJIJE-41,18.371646,-92.808561
PIJIJE-42,18.40347447,-92.82724124
PLATANAL-212,17.930577,-93.059261
PLATANAL-242,17.9385,-93.062563
PUERO CEIBA-113B,18.434807,-93.232038
PUERTO CEIBA T-1,18.434870,-93.241238
PUERTO CEIBA T-101A,18.434872,-93.241229
PUERTO CEIBA-103A,18.43494618,-93.2035891
PUERTO CEIBA-103C,18.43486369,-93.232149
PUERTO CEIBA-103D,18.434959,-93.232004
PUERTO CEIBA-106,18.43441623,-93.23218627
PUERTO CEIBA-107,18.436292,-93.221387
PUERTO CEIBA-108,18.43611719,-93.22138692
PUERTO CEIBA-111B,18.43601746,-93.22157627
PUERTO CEIBA-111C,18.4360174,-93.2215762
PUERTO CEIBA-112,18.43620727,-93.22157642
PUERTO CEIBA-113B,18.434807,-93.232038
PUERTO CEIBA-115,18.434717,-93.241199
PUERTO CEIBA-116,18.437993,-93.215064
PUERTO CEIBA-117,18.43747,-93.215166
PUERTO CEIBA-120,18.437335,-93.21474
PUERTO CEIBA-133,18.435665,-93.221386
PUERTO CEIBA-137A,18.437787,-93.214807
PUERTO CEIBA-153B,18.43737613,-93.21490571
PUERTO CEIBA-157,18.438057,-93.21583
PUERTO CEIBA-159,18.438058,-93.214883
PUERTO CEIBA-161,18.43434596,-93.24177372
RABASA-102,18.1276095,-94.2025562
RABASA-124,18.12902375,-94.20104453
RABASA-125,18.1292214,-94.2011775
RABASA-127,18.13580364,-94.20355484
RABASA-128,18.1280529,-94.20315186
RABASA-129,18.12684644,-94.19952562
RABASA-131,18.1288261,-94.2009116
RABASA-141,18.1277819,-94.2027457
RABASA-142,18.1278296,-94.2028579
RABASA-143,18.12701238,-94.19955369
RABASA-146,18.1291223,-94.20111108
RABASA-147,18.12687889,-94.1998004
RABASA-148,18.12749212,-94.19983766
RABASA-149,18.1286958,-94.2008898
RABASA-151,18.12738983,-94.19977713
RABASA-152,18.1417054,-94.2007215
RABASA-153,18.12859694,-94.20082339
RABASA-154,18.13557228,-94.2035991
RABASA-156,18.12912257,-94.20111099
RABASA-166,18.1278773,-94.2029702
RABASA-167,18.13582704,-94.20342617
RABASA-167D,18.13551823,-94.20308002
RABASA-168,18.12892494,-94.20097808
RABASA-169,18.135688,-94.203577
RABASA-171,18.12698118,-94.19986092
RABASA-173,18.135919,-94.203533
RABASA-174,18.13601906,-94.20371983
RABASA-176,18.13577909,-94.20376648
RABASA-178,18.1418278,-94.20084619
RABASA-179,18.142094,-94.20102599
RABASA-181,18.14217144,-94.20092604
RABASA-182,18.14155181,-94.20127862
RABASA-183,18.12720558,-94.19990432
RABASA-184,18.14181482,-94.20146246
RABASA-185,18.12735865,-94.20008257
RABASA-186,18.13547086,-94.20342941
RABASA-187,18.14189421,-94.20134089
RABASA-188,18.14162845,-94.20116137
RABASA-190,18.14176703,-94.20099606
RABASA-191,18.14190412,-94.20075124
RABASA-192,18.15353077,-94.22282771
RABASA-193,18.15384175,-94.22302516
RABASA-194,18.15399918,-94.22281234
RABASA-195,18.15375712,-94.22267624
RABASA-202,18.147748,-94.2179193
RABASA-203,18.147828,-94.217805
RABASA-205,18.14882,-94.2188308
RABASA-208,18.147909,-94.217691
RABASA-212,18.14182054,-94.2011099
RABASA-213,18.1417474,-94.2012416
RABASA-214,18.1358958,-94.2032371
RABASA-215,18.1415102,-94.2015992
RABASA-216,18.141342,-94.2010309
RABASA-217,18.1357514,-94.2033557
RABASA-218,18.1414307,-94.2012902
RASHA-1,18.599575,-92.57274
RASHA-2,18.59943889,-92.57268315
RASHA-3,18.59956162,-92.57264029
RIO NUEVO-1,17.830712,-93.099796
RIO NUEVO-1051,17.830449,-93.091145
RODADOR-197,18.215916,-93.970357
RODADOR-278,18.215933,-93.963806
RODADOR-298,18.219176,-93.9636
RODADOR-501,18.221226,-93.973541
RODADOR-501D,18.22092912,-93.97357821
RODADOR-503,18.216038,-93.970462
RODADOR-505,18.215948,-93.970536
RODADOR-507,18.219141,-93.963497
RODADOR-509,18.221345,-93.973613
RODADOR-511,18.21596849,-93.97702818
RODADOR-518,18.2195238,-93.970487
RODADOR-519,18.2176973,-93.9671793
RODADOR-520D,18.21957406,-93.97079891
RODADOR-601,18.2159038,-93.9705437
RODADOR-602,18.2140807,-93.9737243
RODADOR-605,18.21580762,-93.970604
RODADOR-605D,18.2160538,-93.97078384
RODADOR-606,18.2175851,-93.9737308
RODADOR-608,18.219515,-93.97666327
RODADOR-608D,18.22110884,-93.97342639
RODADOR-609,18.2192316,-93.9706862
RODADOR-609D,18.21951142,-93.97069491
RODADOR-643,18.21902407,-93.963945
RODADOR-701,18.21600527,-93.97715444
RODADOR-702,18.22109375,-93.97370953
RODADOR-702D,18.22120111,-93.97387222
RODADOR-703,18.21746999,-93.97378698
RODADOR-704D,18.23044879,-93.98387446
RODADOR-705,18.23041856,-93.98374057
RODADOR-705 D,18.23043515,-93.98399658
RODADOR-706,18.21397,-93.97381963
RODADOR-707,18.21598311,-93.97066278
RODADOR-708,18.2209578,-93.97380174
RODADOR-709,18.2196754,-93.97700375
RODADOR-710,18.21967478,-93.97712669
RODADOR-711,18.21417442,-93.96718044
RODADOR-712,18.21759211,-93.97387229
RODADOR-713,18.22084032,-93.97380109
RODADOR-714,18.23057912,-93.98376663
RODADOR-715,18.23033476,-93.98367484
RODADOR-717,18.230614,-93.984028
RODADOR-83,18.215905,-93.97691
RODADOR-85,18.217723,-93.973655
RODADOR-85D,18.21771562,-93.97371884
S. MAGALLANES-1009,18.093634,-93.890905
S. MAGALLANES-1029,18.090527,-93.888942
S. MAGALLANES-1039,18.090527,-93.888942
S. MAGALLANES-1047,18.087932,-93.889934
S. MAGALLANES-1049,18.085776,-93.886844
S. MAGALLANES-1401,18.1077844,-93.87352
S. MAGALLANES-1402,18.102124,-93.878425
S. MAGALLANES-1408,18.10181526,-93.87469463
S. MAGALLANES-1414,18.101489,-93.877214
S. MAGALLANES-1418,18.101532,-93.876915
S. MAGALLANES-141A,18.153195,-93.8786368
S. MAGALLANES-141T,18.153524,-93.87853
S. MAGALLANES-1421,18.1016651,-93.8748699
S. MAGALLANES-1422,18.1016695,-93.8745164
S. MAGALLANES-143,18.148379,-93.887096
S. MAGALLANES-1432,18.10158601,-93.88093561
S. MAGALLANES-1434,18.101489,-93.877214
S. MAGALLANES-1454,18.10203355,-93.87460971
S. MAGALLANES-1458,18.10154755,-93.88132355
S. MAGALLANES-163D,18.151581,-93.879553
S. MAGALLANES-164,18.151559,-93.877639
S. MAGALLANES-172,18.146799,-93.888039
S. MAGALLANES-172T,18.146733,-93.887977
S. MAGALLANES-173D,18.146883,-93.886106
S. MAGALLANES-175,18.145284,-93.888957
S. MAGALLANES-1908,18.0861332,-93.8867353
S. MAGALLANES-1909,18.09517458,-93.88165403
S. MAGALLANES-1912,18.089019,-93.884427
S. MAGALLANES-1913,18.09529081,-93.88163552
S. MAGALLANES-1916,18.08267232,-93.88120801
S. MAGALLANES-192,18.15934,-93.893735
S. MAGALLANES-1934,18.10157109,-93.88105745
S. MAGALLANES-1939,18.1079079,-93.8738488
S. MAGALLANES-2000,18.0781155,-93.88285818
S. MAGALLANES-2005,18.14990418,-93.8873414
S. MAGALLANES-2006,18.14428248,-93.87946715
S. MAGALLANES-2007,18.144563,-93.885272
S. MAGALLANES-2008,18.06772831,-93.87769637
S. MAGALLANES-201,18.154633,-93.898437
S. MAGALLANES-2014,18.10462802,-93.87916518
S. MAGALLANES-216T,18.15469,-93.877682
S. MAGALLANES-239,18.16086,-93.888885
S. MAGALLANES-253D,18.1452983,-93.8813678
S. MAGALLANES-254,18.143729,-93.882323
S. MAGALLANES-273,18.149847,-93.878588
S. MAGALLANES-279,18.154817,-93.876045
S. MAGALLANES-282,18.148506,-93.877623
S. MAGALLANES-282D,18.148466,-93.8777
S. MAGALLANES-329,18.151548,-93.873882
S. MAGALLANES-906,18.093614,-93.883361
S. MAGALLANES-921,18.088918,-93.86986
S. MAGALLANES-924,18.090503,-93.877692
S. MAGALLANES-926,18.090479,-93.881468
S. MAGALLANES-928,18.088365,-93.885449
S. MAGALLANES-931,18.16243,-93.903177
S. MAGALLANES-948,18.085825,-93.883104
S. MAGALLANES-951,18.101381,-93.877464
SAMARIA T.-14,17.994243,-93.104409
SAMARIA T.-15,17.997674,-93.09789
SAMARIA T.-3,17.999742,-93.094641
SAMARIA T.-34,17.99427,-93.097868
SAMARIA T.-35,17.994246,-93.091306
SAMARIA T.-40,17.992452,-93.101192
SAMARIA T.-600,18.00097729,-93.0911606
SAMARIA T.-601,17.99409503,-93.098149
SAMARIA T.-602,17.99980833,-93.10105068
SAMARIA T.-603,17.99965805,-93.1013199
SAMARIA T.-604,17.99342741,-93.10436098
SAMARIA T.-605,17.9878711,-93.10086669
SAMARIA T.-606,17.98701428,-93.09787778
SAMARIA T.-607,18.00023466,-93.08758762
SAMARIA T.-608,17.99212721,-93.1007959
SAMARIA T.-609,17.99234295,-93.10065991
SAMARIA T.-610,18.00270848,-93.08780545
SAMARIA T.-611,18.0025277,-93.08780536
SAMARIA T.-612,17.98829767,-93.08862583
SAMARIA T.-613,18.00237403,-93.08781473
SAMARIA T.-614,18.00363157,-93.08815815
SAMARIA T.-615,18.0037963,-93.08808106
SAMARIA T.-617,17.98860454,-93.10904781
SAMARIA T.-618,17.99633989,-93.09523959
SAMARIA T.-619,18.0039567,-93.08817324
SAMARIA T.-621,18.00041532,-93.0878711
SAMARIA T.-622,18.0005998,-93.08728421
SAMARIA T.-623,18.0004607,-93.08725637
SAMARIA T.-624,18.00032511,-93.08725725
SAMARIA T.-625,17.98855109,-93.10778992
SAMARIA T.-626,18.00016105,-93.08725773
SAMARIA T.-627,17.99982249,-93.08716292
SAMARIA T.-628,17.99325542,-93.10430108
SAMARIA T.-629,17.99707368,-93.09726264
SAMARIA T.-630,18.00377132,-93.0883531
SAMARIA T.-631,17.99401412,-93.08434108
SAMARIA T.-632,17.99584718,-93.08198294
SAMARIA T.-633,17.99579098,-93.09517063
SAMARIA T.-634,17.98810479,-93.08859834
SAMARIA T.-635,17.98515613,-93.0943582
SAMARIA T.-638,17.99982736,-93.08759536
SAMARIA T.-639,18.00191923,-93.09141368
SAMARIA T.-640,18.00196478,-93.09124339
SAMARIA T.-641,18.01051407,-93.08848748
SAMARIA T.-642,17.99969495,-93.08735149
SAMARIA T.-643,17.99627767,-93.10410195
SAMARIA T.-645,18.00008264,-93.09559167
SAMARIA T.-646,18.00015715,-93.09535556
SAMARIA T.-648,17.98871515,-93.10126482
SAMARIA T.-650,17.98861952,-93.10843188
SAMARIA T.-651,17.98908568,-93.10792758
SAMARIA T.-652,18.0017353,-93.09118178
SAMARIA T.-653,17.99603955,-93.08193807
SAMARIA T.-654,18.00323919,-93.09502093
SAMARIA T.-655,17.99500394,-93.10072244
SAMARIA T.-656,17.99501426,-93.10122373
SAMARIA T.-657,18.00332455,-93.09514142
SAMARIA T.-659,18.00312772,-93.0952557
SAMARIA T.-661,17.99569118,-93.08193904
SAMARIA T.-662,17.98878979,-93.10768088
SAMARIA T.-663,17.99196332,-93.10423524
SAMARIA T.-664,18.0103263,-93.08855238
SAMARIA T.-665,17.9994638,-93.0875096
SAMARIA T.-673,17.99650492,-93.10408035
SAMARIA T.-674,17.994089,-93.084609
SAMARIA T.-675,18.004918,-93.091263
SAMARIA T.-679,18.01007815,-93.08841547
SAMARIA T.-686,18.00293319,-93.08779573
SAMARIA T.-687,17.99382152,-93.10433759
SAMARIA T.-688,18.00293319,-93.08779573
SAMARIA T.-689,17.9891011,-93.10944227
SAMARIA T.-702,17.99961649,-93.10094043
SAMARIA T.-703,17.971973,-93.080446
SAMARIA T.-704,17.991738,-93.09504
SAMARIA T.-707,17.98879009,-93.10795357
SAMARIA T.-709,17.99697138,-93.07573821
SAMARIA T.-710,17.99755824,-93.07565137
SAMARIA T.-711,17.99713984,-93.07606048
SAMARIA T.-712,17.99727317,-93.07605194
SAMARIA T.-714,17.99742268,-93.07557574
SAMARIA T.-715,17.97218549,-93.08014714
SAMARIA T.-717,17.99724175,-93.07549122
SAMARIA T.-721,18.00581845,-93.07793355
SAMARIA T.-723,17.997132,-93.097765
SAMARIA T.-724,17.995386,-93.1011836
SAMARIA T.-731,18.006551,-93.078565
SAMARIA T.-733,17.999497,-93.0878158
SAMARIA T.-734,17.988571,-93.100594
SAMARIA T.-801,17.99963579,-93.0876594
SAMARIA T.-802,17.99660103,-93.10096327
SAMARIA T.-803,17.994565,-93.0982172
SAMARIA T.-804,17.98827,-93.1087
SAMARIA T.-805,17.9920688,-93.0949447
SAMARIA T.-806,17.992476,-93.0945897
SAMARIA T.-808,17.9916632,-93.0987067
SAMARIA T.-810,17.991226,-93.145679
SAMARIA T.-812,17.99433736,-93.09816557
SAMARIA T.-813,17.999717,-93.087811
SAMARIA T.-814,17.994041,-93.1039283
SAMARIA T.-815,18.00438,-93.093565
SAMARIA T.-816,17.9922978,-93.100948
SAMARIA T.-818,17.98963307,-93.10527305
SAMARIA T.-819,17.988464,-93.089149
SAMARIA T.-821,17.996619,-93.094921
SAMARIA T.-823,17.9941158,-93.0980946
SAMARIA T.-824,17.9998291,-93.095016
SAMARIA T.-825,17.99142539,-93.10442563
SAMARIA T.-827,17.98891054,-93.10540025
SAMARIA T.-828,17.997335,-93.097881
SAMARIA T.-829,17.988490,-93.100906
SAMARIA T.-830,17.994036,-93.089045
SAMARIA T.-831,17.9922741,-93.0944694
SAMARIA T.-832,17.99088504,-93.10440879
SAMARIA T.-834,17.95473,-93.093285
SAMARIA T.-835,17.99408,-93.094846
SAMARIA T.-836,17.992469,-93.100942
SAMARIA T.-839,17.99206346,-93.09455532
SAMARIA T.-840,17.99260869,-93.10102419
SAMARIA T.-841,17.9940894,-93.1037856
SAMARIA T.-844,17.990629,-93.104391
SAMARIA T.-845,17.98822371,-93.10842417
SAMARIA T.-846,17.99737908,-93.09787112
SAMARIA T.-847,17.9939009,-93.1039283
SAMARIA T.-848,17.991786,-93.104439
SAMARIA T.-850,17.995484,-93.100854
SAMARIA T.-851,17.991605,-93.104432
SAMARIA T.-852,17.9927983,-93.1011996
SAMARIA T.-853,17.9939445,-93.1041768
SAMARIA T.-855,17.988421,-93.10887
SAMARIA T.-856,17.98822671,-93.1010182
SAMARIA T.-857,17.9956446,-93.1009735
SAMARIA T.-858,17.996118,-93.103727
SAMARIA T.-859,17.9924501,-93.08835323
SAMARIA T.-860,17.9984347,-93.1050564
SAMARIA T.-861,17.996343,-93.103711
SAMARIA T.-864,17.98831595,-93.08898411
SAMARIA T.-865,17.99593,-93.1006
SAMARIA T.-866,17.988606,-93.089227
SAMARIA T.-867,17.98833026,-93.08912513
SAMARIA T.-868,17.9966232,-93.0949913
SAMARIA T.-869,18.00637766,-93.07804035
SAMARIA T.-870,17.99987098,-93.08787309
SAMARIA T.-871,17.9942439,-93.103796
SAMARIA T.-872,18.00621651,-93.07820767
SAMARIA T.-873,17.9959838,-93.094589
SAMARIA T.-874,17.98864,-93.0891028
SAMARIA T.-875,18.00640951,-93.07840773
SAMARIA T.-876,17.99996506,-93.08466885
SAMARIA T.-877,17.99923482,-93.08480877
SAMARIA T.-878,17.995646,-93.101208
SAMARIA T.-880,17.991888,-93.095145
SAMARIA T.-881,17.992222,-93.095019
SAMARIA T.-882,17.992324,-93.094818
SAMARIA T.-883,17.98725,-93.09814
SAMARIA T.-884,17.995964,-93.095113
SAMARIA T.-885,17.99710602,-93.07584737
SAMARIA T.-886,17.99710492,-93.07565836
SAMARIA T.-887,17.996074,-93.103068
SAMARIA T.-888,17.996093,-93.10335
SAMARIA T.-889,17.996299,-93.103051
SAMARIA T.-890,17.991244,-93.104416
SAMARIA T.-891,17.996105,-93.103538
SAMARIA T.-892,17.99106419,-93.10441069
SAMARIA T.-893,17.995969,-93.103522
SAMARIA T.-894,17.9884363,-93.1086916
SAMARIA T.-895,17.991236,-93.104210
SAMARIA T.-896,17.9896,-93.10507
SAMARIA T.-897,17.990965,-93.104204
SAMARIA T.-898,17.9884667,-93.10854928
SAMARIA T.-899,17.994583,-93.098415
SAMARIA T.-901,17.9966056,-93.0950297
SAMARIA T.-905,17.98894215,-93.1054423
SAMARIA T.-906,17.98914958,-93.10548559
SAMARIA T.-907,17.99991537,-93.09530508
SAMARIA T.-908,17.99966551,-93.09517336
SAMARIA T.-910,18.00010473,-93.08788133
SAMARIA T.-911,18.00010493,-93.08802321
SAMARIA T.-912,17.997174,-93.097653
SAMARIA T.-913,17.99737495,-93.09763346
SAMARIA T.-913H,18.0013055,-93.0913677
SAMARIA T.-914,17.99347473,-93.10393699
SAMARIA T.-915H,18.0030255,-93.0946103
SAMARIA T.-916,18.0014412,-93.0912922
SAMARIA T.-917,17.99351303,-93.10412222
SAMARIA T.-918,17.997054,-93.094991
SAMARIA T.-9181,17.99701424,-93.09480875
SAMARIA T.-919,18.00662432,-93.09450536
SAMARIA T.-920,18.00670207,-93.09465475
SAMARIA T.-921,17.994531,-93.098689
SAMARIA T.-922,17.9962459,-93.0951203
SAMARIA T.-923,17.995312,-93.100853
SAMARIA T.-924,17.994707,-93.098634
SAMARIA T.-926,17.99223133,-93.08859757
SAMARIA T.-927,18.00323106,-93.0879286
SAMARIA T.-928,18.00122153,-93.09115733
SAMARIA T.-930,18.00010551,-93.08774059
SAMARIA T.-931,18.01014675,-93.08862617
SAMARIA T.-932,17.99227578,-93.08846243
SAMARIA T.-933,17.98843681,-93.08856942
SAMARIA T.-934,17.98803844,-93.10835832
SAMARIA T.-936,17.994354,-93.098734
SAMARIA T.-938,17.993472,-93.104219
SAMARIA T.-939,17.99398194,-93.09851354
SAMARIA T.-940,18.00009899,-93.08758756
SAMARIA T.-942,17.99592846,-93.08172662
SAMARIA T.-943,18.00690933,-93.09505312
SAMARIA T.-944,17.993982,-93.098812
SAMARIA T.-946,17.99646215,-93.09496063
SAMARIA T.-947,17.994161,-93.098786
SAMARIA T.-948,18.0032799,-93.0943337
SAMARIA T.-949,17.98720266,-93.0976767
SAMARIA T.-951,17.99425044,-93.0844534
SAMARIA T.-952,17.99164474,-93.10413928
SAMARIA T.-953,17.99166078,-93.09490044
SAMARIA T.-954,17.99956631,-93.09561019
SAMARIA T.-955,18.00122161,-93.09098635
SAMARIA T.-957,18.00295251,-93.09495626
SAMARIA T.-958,17.98876739,-93.10829114
SAMARIA T.-959,18.00347827,-93.08795272
SAMARIA T.-962,17.99150943,-93.10413703
SAMARIA T.-963,17.98889863,-93.10926825
SAMARIA T.-964,17.99162565,-93.09465276
SAMARIA T.-965,17.99084415,-93.08442005
SAMARIA T.-966,17.99891389,-93.0846879
SAMARIA T.-967,18.00508759,-93.09147832
SAMARIA T.-968,17.99941842,-93.08413583
SAMARIA T.-969,18.00512799,-93.09128819
SAMARIA T.-970,17.98848007,-93.1080654
SAMARIA T.-971,17.98523274,-93.09518046
SAMARIA T.-972,17.9971863,-93.09746484
SAMARIA T.-973,17.98875706,-93.10915019
SAMARIA T.-974,17.9893362,-93.10849598
SAMARIA T.-975,18.004805,-93.099833
SAMARIA T.-976,18.00111325,-93.09151849
SAMARIA T.-977,17.98862527,-93.10817865
SAMARIA T.-978,17.996821,-93.097806
SAMARIA T.-979,17.98795072,-93.10071844
SAMARIA T.-980,17.99942618,-93.08478657
SAMARIA T.-981,17.98803034,-93.10057113
SAMARIA T.-982,17.99626005,-93.10390811
SAMARIA T.-983,17.99497861,-93.10093807
SAMARIA T.-984,17.99697138,-93.07573821
SAMARIA T.-985,18.00306016,-93.08786702
SAMARIA T.-986,18.00120518,-93.09132707
SAMARIA T.-988,17.99983748,-93.0956178
SAMARIA T.-990,17.98870696,-93.10806649
SAMARIA T.-991,17.98810933,-93.10042222
SAMARIA T.-992,17.99420169,-93.10436493
SAMARIA T.-993,17.99699521,-93.09764232
SAMARIA T.-994,18.00310575,-93.09489428
SAMARIA T.-995,17.99178358,-93.10413936
SAMARIA T.-996,17.98888593,-93.10822679
SAMARIA T.-997,17.99653377,-93.10115678
SAMARIA T.-998,17.99700579,-93.09745369
SAMARIA-102A,17.994207,-93.104371
SAMARIA-105A,17.997287,-93.075843
SAMARIA-1087,17.98106064,-93.05755914
SAMARIA-1103,17.999016,-93.084818
SAMARIA-1109,17.99669009,-93.04722946
SAMARIA-1128,18.0035218,-93.0706524
SAMARIA-1129,18.027509,-93.066447
SAMARIA-117,18.003996,-93.071032
SAMARIA-1173,17.972022,-93.070688
SAMARIA-1175,17.975607,-93.065448
SAMARIA-1187,17.98111,-93.056758
SAMARIA-1196,17.988263,-93.108622
SAMARIA-1197,17.995194,-93.063882
SAMARIA-1198,17.988212,-93.061718
SAMARIA-1199,17.980879,-93.056952
SAMARIA-121A,18.009956,-93.103506
SAMARIA-15,17.997674,-93.09789
SAMARIA-162B,18.041371,-93.132049
SAMARIA-2119,18.00375,-93.0519
SAMARIA-2129,18.003169,-93.070569
SAMARIA-2185,17.988212,-93.061718
SAMARIA-2199,17.988749,-93.051962
SAMARIA-3,17.999742,-93.094641
SAMARIA-35,17.994246,-93.091306
SAMARIA-5084,17.98040087,-93.10450066
SAMARIA-5104,17.995952,-93.1133474
SAMARIA-5111,18.004077,-93.0994899
SAMARIA-5112,17.9999154,-93.1077142
SAMARIA-5199,17.9890698,-93.0521427
SAMARIA-602,17.99980833,-93.10105068
SAMARIA-603,17.99965805,-93.1013199
SAMARIA-604,17.99342741,-93.10436098
SAMARIA-606,17.98701428,-93.09787778
SAMARIA-607,18.00023466,-93.08758762
SAMARIA-6075,17.98011031,-93.06646075
SAMARIA-6081,17.9806326,-93.0939679
SAMARIA-6084,17.9922526,-93.0880937
SAMARIA-6091,17.9804336,-93.0939692
SAMARIA-6092,17.98095110,-93.0940198
SAMARIA-6093,17.9996027,-93.0846571
SAMARIA-6102,17.9872903,-93.0979321
SAMARIA-6111,18.0001142,-93.1077143
SAMARIA-6115,18.0034447,-93.0705373
SAMARIA-6117,18.0032895,-93.0705
SAMARIA-614,18.00363157,-93.08815815
SAMARIA-619,18.0039567,-93.08817324
SAMARIA-623,18.0004607,-93.08725637
SAMARIA-625,17.98855109,-93.10778992
SAMARIA-626,18.00016105,-93.08725773
SAMARIA-62A,17.964796,-93.084969
SAMARIA-632,17.99584718,-93.08198294
SAMARIA-635,17.98515613,-93.0943582
SAMARIA-640,18.00196478,-93.09124339
SAMARIA-643,17.99627767,-93.10410195
SAMARIA-645,17.998997,-93.095592
SAMARIA-648,17.98871515,-93.10126482
SAMARIA-651,17.98908568,-93.10792758
SAMARIA-657,18.00332455,-93.09514142
SAMARIA-659,18.00312772,-93.0952557
SAMARIA-7011,17.97217459,-93.10901486
SAMARIA-7013,17.999602,-93.0848172
SAMARIA-7076,17.98072493,-93.09388076
SAMARIA-7084,17.98040118,-93.1039333
SAMARIA-7085,17.99513201,-93.10076105
SAMARIA-7092,17.99686292,-93.09519406
SAMARIA-71,17.972648,-93.080338
SAMARIA-7107,17.97166263,-93.08024229
SAMARIA-7111,17.97215797,-93.08024913
SAMARIA-7117,17.98040097,-93.1043111
SAMARIA-712,17.99727317,-93.07605194
SAMARIA-7121,18.00006918,-93.1074715
SAMARIA-7122,18.00026642,-93.10746491
SAMARIA-7128,18.00339152,-93.07042158
SAMARIA-717,17.99724175,-93.07549122
SAMARIA-7192,17.98072484,-93.09388076
SAMARIA-73A,17.972585,-93.070968
SAMARIA-75,17.972299,-93.061033
SAMARIA-76B,17.972497,-93.108604
SAMARIA-802,17.99660103,-93.10096327
SAMARIA-806,17.992476,-93.0945897
SAMARIA-810,17.991226,-93.145679
SAMARIA-812,17.99433736,-93.09816557
SAMARIA-813,17.999717,-93.087811
SAMARIA-815,17.998108,-93.098335
SAMARIA-816,17.9922978,-93.100948
SAMARIA-819,17.988464,-93.089149
SAMARIA-823,17.9941158,-93.0980946
SAMARIA-824,17.9998291,-93.095016
SAMARIA-825,17.99142539,-93.10442563
SAMARIA-827,17.98891054,-93.10540025
SAMARIA-836,17.992469,-93.100942
SAMARIA-839,17.99206346,-93.09455532
SAMARIA-841,17.9940894,-93.1037856
SAMARIA-846,17.99737908,-93.09787112
SAMARIA-850,17.995484,-93.100854
SAMARIA-856,17.98822671,-93.1010182
SAMARIA-859,17.9924501,-93.08835323
SAMARIA-864,17.98831595,-93.08898411
SAMARIA-867,17.98833026,-93.08912513
SAMARIA-868,17.9966232,-93.0949913
SAMARIA-87,17.980967,-93.056778
SAMARIA-870,17.99987098,-93.08787309
SAMARIA-875,18.00640951,-93.07840773
SAMARIA-881,17.992222,-93.095019
SAMARIA-882,17.992324,-93.094818
SAMARIA-883,17.98725,-93.09814
SAMARIA-885,17.99710602,-93.07584737
SAMARIA-889,17.996299,-93.103051
SAMARIA-893,17.995969,-93.103522
SAMARIA-894,17.9884363,-93.1086916
SAMARIA-898,17.9884667,-93.10854928
SAMARIA-905,17.98894215,-93.1054423
SAMARIA-910,18.00010473,-93.08788133
SAMARIA-919,18.00662432,-93.09450536
SAMARIA-91A,17.988627,-93.088871
SAMARIA-920,18.00670207,-93.09465475
SAMARIA-926,17.99223133,-93.08859757
SAMARIA-932,17.99227578,-93.08846243
SAMARIA-942,17.99592846,-93.08172662
SAMARIA-943,18.00690933,-93.09505312
SAMARIA-948,18.0032799,-93.0943337
SAMARIA-949,17.98720266,-93.0976767
SAMARIA-95,17.988276,-93.071124
SAMARIA-951,17.99425044,-93.0844534
SAMARIA-964,17.99162565,-93.09465276
SAMARIA-965,17.99084415,-93.08442005
SAMARIA-966,17.99891389,-93.0846879
SAMARIA-968,17.99941842,-93.08413583
SAMARIA-96A,17.988181,-93.11828
SAMARIA-971,17.98523274,-93.09518046
SAMARIA-972,17.9971863,-93.09746484
SAMARIA-973,17.98949,-93.10933
SAMARIA-974,17.988251,-93.108497
SAMARIA-984,17.99697138,-93.07573821
SAMARIA-99,17.989049,-93.051576
SAMARIA-991,17.98810933,-93.10042222
SAMARIA-994,18.00310575,-93.09489428
SAMARIA-995,17.99178358,-93.10413936
SAN RAMON-1601A,18.24154966,-93.92539728
SAN RAMÓN-1601A,18.24154966,-93.92539728
SAN RAMON-1602,18.23789631,-93.89919651
SAN RAMÓN-1602,18.23789631,-93.89919651
SAN RAMON-1603,18.24674653,-93.90231977
SAN RAMÓN-1603,18.24674653,-93.90231977
SAN RAMON-1612,18.2323631,-93.92210598
SAN RAMON-1613,18.24526257,-93.89899755
SAN RAMÓN-1613,18.24526257,-93.89899755
SAN RAMON-1614,18.23601385,-93.896039
SAN RAMÓN-1614,18.23601385,-93.896039
SAN RAMON-1615,18.23985739,-93.92179951
SAN RAMON-1617,18.23774919,-93.89909673
SAN RAMON-1618,18.23763331,-93.89902227
SAN RAMON-1619,18.23381245,-93.92510015
SAN RAMON-1620,18.23743424,-93.92492816
SAN RAMON-1621,18.22922394,-93.91613328
SAN RAMON-1622,18.23047972,-93.90524486
SAN RAMON-1623,18.23776812,-93.93160298
SAN RAMON-27,18.239703,-93.908951
SAN RAMÓN-27,18.239703,-93.908951
SAN RAMON-43,18.239716,-93.915408
SAN RAMON-500,18.237594,-93.925249
SAN RAMON-500D,18.23738442,-93.92506314
SAN RAMON-501,18.237671,-93.925356
SAN RAMÓN-501,18.237671,-93.925356
SAN RAMON-502,18.2378828,-93.9250672
SAN RAMON-503D,18.23441236,-93.92583544
SAN RAMON-504,18.232515,-93.902391
SAN RAMON-504D,18.234021,-93.89877219
SAN RAMON-505,18.2285361,-93.9084428
SAN RAMÓN-505,18.2285361,-93.9084428
SAN RAMON-505D,18.22873594,-93.90864324
SAN RAMON-506,18.2324653,-93.9087907
SAN RAMÓN-506,18.2324653,-93.9087907
SAN RAMON-507,18.2287289,-93.9087627
SAN RAMÓN-507,18.2287289,-93.9087627
SAN RAMON-508,18.2324075,-93.9023128
SAN RAMON-510,18.23757,-93.925483
SAN RAMON-511,18.2418133,-93.9186841
SAN RAMON-511D,18.24161416,-93.91862652
SAN RAMON-512,18.2342481,-93.8988137
SAN RAMON-513,18.233991,-93.9250119
SAN RAMON-513D,18.23416937,-93.92580947
SAN RAMON-514,18.23955,-93.9024594
SAN RAMON-514D,18.23890253,-93.90299706
SAN RAMON-515,18.2381446,-93.9184191
SAN RAMON-515D,18.23797556,-93.91823326
SAN RAMON-516,18.2378897,-93.9188313
SAN RAMÓN-516,18.2378897,-93.9188313
SAN RAMON-517,18.2376792,-93.931757
SAN RAMON-519,18.2339718,-93.9252119
SAN RAMON-520,18.2294308,-93.9162094
SAN RAMÓN-520,18.2294308,-93.9162094
SAN RAMON-521,18.23395892,-93.92544518
SAN RAMON-525,18.23972407,-93.92180335
SAN RAMON-526,18.2379569,-93.9183728
SAN RAMÓN-526,18.2379569,-93.9183728
SAN RAMON-527,18.2375791,-93.9318244
SAN RAMON-528,18.243247,-93.908921
SAN RAMON-530,18.2341128,-93.8990926
SAN RAMON-531,18.23043904,-93.90557282
SAN RAMON-532,18.23608626,-93.90894632
SAN RAMON-533,18.23218545,-93.9088188
SAN RAMON-534,18.23030716,-93.90538346
SAN RAMÓN-534,18.23030716,-93.90538346
SAN RAMON-536,18.2374827,-93.931892
SAN RAMON-537,18.2393242,-93.9026403
SAN RAMON-537D,18.23908583,-93.90333944
SAN RAMON-538,18.2374127,-93.9251878
SAN RAMON-539,18.2343361,-93.9318441
SAN RAMÓN-539,18.2343361,-93.9318441
SAN RAMON-540,18.2394962,-93.9025608
SAN RAMON-540D,18.23902131,-93.90289515
SAN RAMON-541,18.2397998,-93.9023475
SAN RAMON-541D,18.23887837,-93.90269504
SAN RAMON-542,18.23025,-93.931556
SAN RAMON-544,18.23418123,-93.91861283
SAN RAMON-545,18.23412275,-93.91836805
SAN RAMON-546,18.22929625,-93.91641436
SAN RAMÓN-546,18.22929625,-93.91641436
SAN RAMON-547,18.23247105,-93.90866547
SAN RAMÓN-547,18.23247105,-93.90866547
SAN RAMON-548,18.23396435,-93.89905657
SAN RAMÓN-548,18.23396435,-93.89905657
SAN RAMON-549,18.23429307,-93.92542274
SAN RAMON-550,18.2392326,-93.9027173
SAN RAMON-551,18.23914136,-93.90279486
SAN RAMÓN-551,18.23914136,-93.90279486
SAN RAMON-552,18.23386388,-93.89899288
SAN RAMÓN-552,18.23386388,-93.89899288
SAN RAMON-553,18.23782059,-93.91837696
SAN RAMON-554,18.24687873,-93.90240189
SAN RAMÓN-554,18.24687873,-93.90240189
SAN RAMON-555,18.24164441,-93.92550315
SAN RAMÓN-555,18.24164441,-93.92550315
SÁNCHEZ MAGALLANES-1029,18.090527,-93.888942
SÁNCHEZ MAGALLANES-1047,18.087932,-93.889934
SÁNCHEZ MAGALLANES-1049,18.085776,-93.886844
SÁNCHEZ MAGALLANES-1408,18.10181526,-93.87469463
SÁNCHEZ MAGALLANES-141A,18.153195,-93.8786368
SÁNCHEZ MAGALLANES-141T,18.153524,-93.87853
SÁNCHEZ MAGALLANES-1458,18.10154755,-93.88132355
SÁNCHEZ MAGALLANES-163D,18.151581,-93.879553
SÁNCHEZ MAGALLANES-164,18.151559,-93.877639
SÁNCHEZ MAGALLANES-172,18.146799,-93.888039
SÁNCHEZ MAGALLANES-172T,18.146733,-93.887977
SÁNCHEZ MAGALLANES-173D,18.146883,-93.886106
SÁNCHEZ MAGALLANES-175,18.145284,-93.888957
SÁNCHEZ MAGALLANES-1908,18.0861332,-93.8867353
SÁNCHEZ MAGALLANES-1916,18.08267232,-93.88120801
SÁNCHEZ MAGALLANES-192,18.15934,-93.893735
SÁNCHEZ MAGALLANES-1934,18.10157109,-93.88105745
SÁNCHEZ MAGALLANES-2005,18.14990418,-93.8873414
SÁNCHEZ MAGALLANES-2006,18.14428248,-93.87946715
SÁNCHEZ MAGALLANES-2014,18.10462802,-93.87916518
SÁNCHEZ MAGALLANES-216T,18.15469,-93.877682
SÁNCHEZ MAGALLANES-239,18.16086,-93.888885
SÁNCHEZ MAGALLANES-253D,18.1452983,-93.8813678
SÁNCHEZ MAGALLANES-254,18.143729,-93.882323
SÁNCHEZ MAGALLANES-273,18.149847,-93.878588
SÁNCHEZ MAGALLANES-279,18.154817,-93.876045
SÁNCHEZ MAGALLANES-282,18.148506,-93.877623
SÁNCHEZ MAGALLANES-282D,18.148466,-93.8777
SÁNCHEZ MAGALLANES-329,18.151548,-93.873882
SÁNCHEZ MAGALLANES-924,18.090503,-93.877692
SÁNCHEZ MAGALLANES-931,18.16243,-93.903177
SÁNCHEZ MAGALLANES-948,18.085825,-93.883104
SANTUARIO-120,18.251339,-93.51908
SANTUARIO-121,18.255942,-93.515416
SANTUARIO-122,18.259386,-93.507977
SANTUARIO-123,18.2671541,-93.50135977
SANTUARIO-124,18.251738,-93.51953
SANTUARIO-125,18.256188,-93.515922
SANTUARIO-126,18.26715484,-93.50107616
SANTUARIO-127,18.25935558,-93.50777868
SANTUARIO-128,18.256103,-93.515442
SANTUARIO-130,18.251471,-93.519468
SANTUARIO-131,18.259287,-93.507704
SANTUARIO-133,18.2556234,-93.51275368
SANTUARIO-137,18.26698825,-93.50121748
SANTUARIO-13D,18.2642915,-93.506635
SANTUARIO-14D,18.2561109,-93.5047628
SANTUARIO-16D,18.2641624,-93.5065026
SANTUARIO-17T,18.2586196,-93.5044321
SANTUARIO-18,18.2584914,-93.5045655
SANTUARIO-208,18.2583895,-93.5044582
SANTUARIO-28,18.256752,-93.509821
SANTUARIO-28D,18.2577445,-93.5051821
SANTUARIO-28H,18.2585176,-93.5043247
SANTUARIO-30,18.2566646,-93.5096791
SANTUARIO-304,18.2559709,-93.5042801
SANTUARIO-305,18.2560729,-93.5043874
SANTUARIO-31D,18.253241,-93.516018
SANTUARIO-31T,18.2568431,-93.5096797
SANTUARIO-34,18.253328,-93.516039
SANTUARIO-34T,18.2583152,-93.5043046
SANTUARIO-35T,18.2562769,-93.504602
SANTUARIO-3D,18.2561749,-93.5044947
SANTUARIO-401,18.2788949,-93.46171731
SANTUARIO-402,18.2788933,-93.46232424
SANTUARIO-403,18.2789759,-93.46185471
SANTUARIO-5D,18.26442,-93.506767
SEN-11,18.308597,-92.920384
SEN-111,18.30950691,-92.92787654
SEN-118,18.3323216,-92.9413049
SEN-13,18.308597,-92.920175
SEN-138,18.332641,-92.94097
SEN-201,18.3318104,-92.9421079
SEN-212,18.3325847,-92.94186229
SEN-213,18.3396449,-92.9419022
SEN-3,18.299454,-92.919981
SEN-51,18.318469,-92.927133
SEN-63,18.291073,-92.919594
SEN-73,18.318572,-92.92724
SEN-97,18.332929,-92.940937
SEN-99,18.3322897,-92.9416059
SHISHITO-11,17.784672,-92.685297
SHISHITO-12,17.780419,-92.678113
SHISHITO-14,17.78470535,-92.68569113
SHISHITO-15,17.785009,-92.685048
SHISHITO-16,17.79042885,-92.68747969
SHISHITO-17,17.79051772,-92.68737207
SHISHITO-2,17.780115,-92.678228
SHISHITO-21,17.7791909,-92.6871059
SHISHITO-25,17.779258,-92.687017
SHISHITO-41,17.7749638,-92.6862267
SHISHITO-45,17.779202,-92.687368
SHISHITO-5,17.790648,-92.687298
SHISHITO-6,17.78467285,-92.68543872
SHISHITO-7,17.79067853,-92.68714818
SHISHITO-8,17.78470495,-92.68488145
SHISHITO-91,17.77900167,-92.68720238
SINI-1,18.38559293,-92.87468371
SINI-11,18.3834966,-92.8733547
SINI-2,18.38349669,-92.87335477
SINI-3,18.38649402,-92.87294475
SINI-4,18.38716281,-92.87283066
SINI-5,18.38470696,-92.87292703
SINI-6,18.38411784,-92.87323362
SITIO GRANDE-1001,17.7733,-93.1184
SITIO GRANDE-80,17.7843,-93.128504
SITIO GRANDE-81,17.784102,-93.119013
SITIO GRANDE-90,17.776407,-93.123732
SUNUAPA-1,17.590389,-93.305184
SUNUAPA-201,17.558411,-93.298158
SUNUAPA-302,17.56945604,-93.24605466
SUNUAPA-303,17.56925708,-93.24591003
SUNUAPA-306,17.56939542,-93.2461751
SUNUAPA-312,17.56932616,-93.24604242
SUNUAPA-314,17.56888422,-93.2453919
SUNUAPA-316,17.56897398,-93.24516944
SUNUAPA-332,17.56877093,-93.24489843
SUNUAPA-334,17.56946422,-93.24630741
SUNUAPA-401,17.56193104,-93.20834216
SUNUAPA-402,17.56010289,-93.20809187
SUNUAPA-411,17.56036938,-93.20834631
SUNUAPA-412,17.560236,-93.208219
TECOMINOACAN-101B,17.91336565,-93.55610056
TECOMINOACÁN-101B,17.91336565,-93.55610056
TECOMINOACAN-105,17.913565,-93.538142
TECOMINOACAN-422A,17.899717,-93.505987
TECOMINOACÁN-422A,17.899717,-93.505987
TECOMINOACAN-426A,17.9058789,-93.5040517
TECOMINOACAN-429,17.905839,-93.513669
TECOMINOACÁN-429,17.905839,-93.513669
TECOMINOACAN-446,17.899208,-93.509949
TECOMINOACAN-447,17.894835,-93.507208
TECOMINOACÁN-447,17.894835,-93.507208
TECOMINOACAN-513,17.913128,-93.547145
TECOMINOACAN-525,17.9055481,-93.5327559
TECOMINOACAN-529,17.9058447,-93.5132186
TECOMINOACAN-547,17.89969039,-93.50605106
TECOMINOACÁN-547,17.89969039,-93.50605106
TECOMINOACAN-566A,17.88942077,-93.51260071
TECOMINOACAN-628,17.8990279,-93.5099486
TECOMINOACAN-658,17.8895861,-93.5123821
TECOMINOACAN-711,17.9081804,-93.5480235
TECOMINOACAN-726,17.89748347,-93.50079881
TECOMINOACAN-807,17.90574,-93.513614
TECOMINOACAN-825,17.9058541,-93.543038
TEOTLECO-1,17.90217129,-93.22596124
TEOTLECO-101,17.93953656,-93.32788697
TEOTLECO-102,17.9377648,-93.32784698
TEOTLECO-103,17.93828566,-93.3273953
TEOTLECO-11,17.911146,-93.236568
TEOTLECO-112,17.93765712,-93.3277471
TEOTLECO-12,17.91078624,-93.23652711
TEOTLECO-123,17.937764,-93.327846
TEOTLECO-15,17.90172947,-93.22501821
TEOTLECO-16,17.910568,-93.236425
TEOTLECO-2,17.90231582,-93.22588599
TEOTLECO-33,17.90165278,-93.22536015
TEOTLECO-4,17.9016161,-93.225187
TEOTLECO-42,17.90155055,-93.22504441
TEOTLECO-7,17.90206239,-93.22625377
TEOTLECO-9,17.90135364,-93.22507315
TEPETITAN-101,17.78686999,-92.32931959
TEPETITÁN-101,17.78686999,-92.32931959
TEPETITAN-103,17.78696685,-92.32925451
TEPETITAN-14,17.79381166,-92.2763558
TEPETITÁN-14,17.79381166,-92.2763558
TEPETITAN-5,17.826117,-92.287876
TEPETITAN-7,17.820321,-92.288612
TERRA-1,18.253143,-92.9920804
TERRA-11,18.25227169,-92.9918828
TERRA-114,18.22786045,-92.97892381
TERRA-12,18.25339985,-92.99234
TERRA-121,18.22803996,-92.97892596
TERRA-123,18.23212606,-92.94699408
TERRA-143,18.22822074,-92.9789285
TERRA-144,18.22518554,-92.9453886
TERRA-21,18.25239752,-92.99201864
TERRA-23,18.2532708,-92.9922147
TERRA-25,18.25259385,-92.9921784
TERRA-2DL,18.22439668,-92.9452911
TERRA-3,18.25215128,-92.99174687
TERRA-4,18.25170424,-92.99229583
TERRA-8,18.251066,-92.9926925
TINTAL-102,18.19422308,-93.14261089
TINTAL-112,18.1960546,-93.14105848
TINTAL-17,18.19601602,-93.14129146
TINTAL-1D,18.19394131,-93.1427614
TINTAL-2,18.198831,-93.151646
TINTAL-22,18.1939796,-93.1425286
TINTAL-28T,18.195732,-93.141465
TINTAL-3,18.197076,-93.148373
TINTAL-4D,18.19567178,-93.14120995
TINTAL-8,18.195263,-93.15165
TIUMUT-1,17.912561,-93.887239
TIUMUT-11,17.9127639,-93.887637
TIUMUT-13,17.9128659,-93.8877447
TIUMUT-31,17.913456,-93.8872718
TIZON-115A,18.55504,-92.720939
TIZÓN-115A,18.55504,-92.720939
TIZON-201,18.556601,-92.720992
TIZÓN-201,18.556601,-92.720992
TIZON-208,18.56317183,-92.7175368
TIZON-212,18.5626255,-92.7179879
TIZÓN-212,18.5626255,-92.7179879
TIZON-214,18.5561577,-92.720882
TIZON-216,18.5636666,-92.71759778
TIZON-222,18.5635232,-92.7173315
TIZON-224,18.56335793,-92.71747348
TIZON-231,18.5639997,-92.7174259
TIZON-232,18.56349814,-92.71755134
TIZON-233,18.56372093,-92.71723929
TIZON-236,18.5632356,-92.7181785
TIZON-237,18.55626126,-92.72112011
TOKAL-1,18.2234291,-93.2215655
TOKAL-2,18.22296581,-93.22142025
TOKAL-3,18.22296581,-93.22142025
TOKAL-5,18.22285463,-93.22086833
TOKAL-6,18.22274585,-93.22098198
TOPEN-3,17.67595,-93.199268
TOPÉN-3,17.67595,-93.199268
TUPILCO-105,18.344688,-93.381446
TUPILCO-112,18.346494,-93.359516
TUPILCO-120D,18.34882614,-93.37835805
TUPILCO-126,18.342161,-93.371037
TUPILCO-126D,18.341941,-93.370073
TUPILCO-127,18.341085,-93.375163
TUPILCO-132,18.351538,-93.373027
TUPILCO-132D,18.353346,-93.367433
TUPILCO-133,18.3459278,-93.37062
TUPILCO-133D,18.345377,-93.371202
TUPILCO-135A,18.339457,-93.378128
TUPILCO-135B,18.340622,-93.3735021
TUPILCO-136,18.336791,-93.380938
TUPILCO-140,18.348352,-93.356707
TUPILCO-141,18.352298,-93.34231
TUPILCO-142,18.3498128,-93.3977097
TUPILCO-143,18.350123,-93.397217
TUPILCO-144,18.35002,-93.397323
TUPILCO-145,18.349916,-93.3974295
TUPILCO-147,18.35205,-93.350177
TUPILCO-150,18.345791,-93.371055
TUPILCO-2001,18.352096,-93.349893
TUPILCO-202,18.34835,-93.356408
TUPILCO-203,18.348358,-93.356556
TUPILCO-204,18.314077,-93.359244
TUPILCO-204D,18.352505,-93.350075
TUPILCO-205,18.341901,-93.370247
TUPILCO-208T,18.34533,-93.371168
TUPILCO-209,18.351291,-93.349565
TUPILCO-75D,18.3519219,-93.349923
TUPILCO-75T,18.3517333,-93.3496161
TUPILCO-81D,18.36173333,-93.34050154
TUPILCO-83,18.353711,-93.352944
TUPILCO-83D,18.3519219,-93.3499233
TUPILCO-83T,18.35133205,-93.34991175
TUPILCO-84D,18.3518696,-93.3497043
TUPILCO-84T,18.35144487,-93.34990194
TUPILCO-85D,18.3537526,-93.3464702
TUPILCO-85T,18.35184065,-93.35020921
TUPILCO-86,18.350216,-93.346354
TUPILCO-93,18.348309,-93.356253
TUPILCO-93D,18.36165278,-93.34035628
TUPILCO-93T,18.34820105,-93.35606382
USUMACINTA-17,18.233921,-92.375136
USUMACINTA-21,18.240685,-92.379229
USUMACINTA-36,18.242068,-92.373543
USUMACINTA-36I,18.242068,-92.373543
USUMACINTA-3D,18.234032,-92.358735
USUMACINTA-3T,18.234112,-92.358733
VERNET-10,17.88742,-92.619023
VERNET-16,17.888151,-92.617265
VERNET-260,17.884928,-92.618134
VERNET-293,17.884004,-92.614224
VERNET-295,17.884975,-92.612842
VERNET-297,17.885794,-92.610935
VERNET-32,17.886936,-92.615716
VERNET-33,17.88628,-92.617644
VERNET-36,17.88462,-92.617748
VERNET-43,17.890149,-92.616839
VERNET-47,17.88150729,-92.614085
VICHE-1,17.989343,-92.400805
VICHE-3A,17.989342,-92.400539
YAGUAL TERCIARIO-104,18.22624,-93.444314
YAGUAL-11,18.227143,-93.444722
YAGUAL-12,18.2134545,-93.43926
YAGUAL-22,18.213775,-93.438933
YAGUAL-3,18.219378,-93.447937
